date,historicalData,predictedData,events
01/06/2016,44.21,,
02/06/2016,44.10555556,,
03/06/2016,44.00111111,,
04/06/2016,43.89666667,,5
05/06/2016,43.79222222,,
06/06/2016,43.68777778,,
07/06/2016,43.58333333,,
08/06/2016,43.47888889,,
09/06/2016,43.37444444,,
10/06/2016,43.27,,
11/06/2016,43.16555556,,10
12/06/2016,43.06111111,,
13/06/2016,42.95666667,,
14/06/2016,42.85222222,,
15/06/2016,42.74777778,,
16/06/2016,42.64333333,,
17/06/2016,42.53888889,,
18/06/2016,42.43444444,,
19/06/2016,42.33,,
20/06/2016,42.22555556,,
21/06/2016,42.12111111,,maintenance
22/06/2016,42.01666667,,
23/06/2016,41.91222222,,
24/06/2016,41.80777778,,
25/06/2016,41.70333333,,
26/06/2016,41.59888889,,
27/06/2016,41.49444444,,
28/06/2016,41.39,,
29/06/2016,42.435,,
30/06/2016,43.48,,
01/07/2016,42.81714286,,
02/07/2016,42.15428571,,15
03/07/2016,41.49142857,,
04/07/2016,40.82857143,,
05/07/2016,40.16571429,,
06/07/2016,39.50285714,,
07/07/2016,38.84,,
08/07/2016,38.17714286,,
09/07/2016,37.51428571,,
10/07/2016,36.85142857,,
11/07/2016,36.18857143,,
12/07/2016,35.52571429,,
13/07/2016,34.86285714,,
14/07/2016,34.2,,
15/07/2016,37.86,,
16/07/2016,41.52,,
17/07/2016,41.716,,
18/07/2016,41.912,,
19/07/2016,42.108,,
20/07/2016,42.304,,
21/07/2016,42.5,,
22/07/2016,42.696,,
23/07/2016,42.892,,
24/07/2016,43.088,,
25/07/2016,43.284,,
26/07/2016,43.48,,
27/07/2016,43.676,,
28/07/2016,43.872,,
29/07/2016,44.068,,
30/07/2016,44.264,,
31/07/2016,44.46,,
01/08/2016,39.81,,
02/08/2016,42.82,,
03/08/2016,43.27285714,,
04/08/2016,43.72571429,,
05/08/2016,44.17857143,,
06/08/2016,44.63142857,,
07/08/2016,45.08428571,,
08/08/2016,45.53714286,,
09/08/2016,45.99,,
10/08/2016,36.98,,
11/08/2016,36.77,,
12/08/2016,36.56,,
13/08/2016,36.35,,
14/08/2016,36.14,,
15/08/2016,35.93,,
16/08/2016,35.72,,
17/08/2016,35.51,,
18/08/2016,35.3,,
19/08/2016,35.09,,
20/08/2016,34.88,,
21/08/2016,34.67,,
22/08/2016,36.79,,
23/08/2016,38.18142857,,
24/08/2016,39.57285714,,
25/08/2016,40.96428571,,
26/08/2016,42.35571429,,
27/08/2016,43.74714286,,
28/08/2016,45.13857143,,
29/08/2016,46.53,,
30/08/2016,45.96318182,,
31/08/2016,45.39636364,,
01/09/2016,44.82954545,,
02/09/2016,44.26272727,,
03/09/2016,43.69590909,,
04/09/2016,43.12909091,,
05/09/2016,42.56227273,,
06/09/2016,41.99545455,,
07/09/2016,41.42863636,,
08/09/2016,40.86181818,,
09/09/2016,40.295,,
10/09/2016,39.72818182,,
11/09/2016,39.16136364,,
12/09/2016,38.59454545,,
13/09/2016,38.02772727,,
14/09/2016,37.46090909,,
15/09/2016,36.89409091,,
16/09/2016,36.32727273,,
17/09/2016,35.76045455,,
18/09/2016,35.19363636,,
19/09/2016,34.62681818,,
20/09/2016,34.06,,
21/09/2016,39.24,,
22/09/2016,39.18,,
23/09/2016,39.12,,
24/09/2016,39.06,,
25/09/2016,39,,
26/09/2016,38.94,,
27/09/2016,38.88,,
28/09/2016,38.82,,
29/09/2016,38.76,,
30/09/2016,38.7,,
01/10/2016,38.64,,
02/10/2016,38.58,,
03/10/2016,38.52,,
04/10/2016,38.46,,
05/10/2016,38.4,,
06/10/2016,38.34,,
07/10/2016,38.28,,
08/10/2016,38.22,,
09/10/2016,38.16,,
10/10/2016,37.3375,,
11/10/2016,36.515,,
12/10/2016,35.6925,,
13/10/2016,34.87,,
14/10/2016,33.87,,
15/10/2016,32.87,,
16/10/2016,31.87,,
17/10/2016,33.62,,
18/10/2016,35.37,,
19/10/2016,34.59076923,,
20/10/2016,33.81153846,,
21/10/2016,33.03230769,,
22/10/2016,32.25307692,,
23/10/2016,31.47384615,,
24/10/2016,30.69461538,,
25/10/2016,29.91538462,,
26/10/2016,29.13615385,,
27/10/2016,28.35692308,,
28/10/2016,27.57769231,,
29/10/2016,26.79846154,,
30/10/2016,26.01923077,,
31/10/2016,25.24,,
01/11/2016,25.79142857,,
02/11/2016,26.34285714,,
03/11/2016,26.89428571,,
04/11/2016,27.44571429,,
05/11/2016,27.99714286,,
06/11/2016,28.54857143,,
07/11/2016,29.1,,
08/11/2016,28.92571429,,
09/11/2016,28.75142857,,
10/11/2016,28.57714286,,
11/11/2016,28.40285714,,
12/11/2016,28.22857143,,
13/11/2016,28.05428571,,
14/11/2016,27.88,,
15/11/2016,27.84,,
16/11/2016,27.8,,
17/11/2016,27.76,,
18/11/2016,27.72,,
19/11/2016,27.68,,
20/11/2016,27.64,,
21/11/2016,27.6,,
22/11/2016,27.74882353,,
23/11/2016,27.89764706,,
24/11/2016,28.04647059,,
25/11/2016,28.19529412,,
26/11/2016,28.34411765,,
27/11/2016,28.49294118,,
28/11/2016,28.64176471,,
29/11/2016,28.79058824,,
30/11/2016,28.93941176,,
01/12/2016,29.08823529,,
02/12/2016,29.23705882,,
03/12/2016,29.38588235,,
04/12/2016,29.53470588,,
05/12/2016,29.68352941,,
06/12/2016,29.83235294,,
07/12/2016,29.98117647,,
08/12/2016,30.13,,
09/12/2016,28.345,,
10/12/2016,26.56,,
11/12/2016,24.775,,
12/12/2016,22.99,,
13/12/2016,22.57875,,
14/12/2016,22.1675,,
15/12/2016,21.75625,,
16/12/2016,21.345,,
17/12/2016,20.93375,,
18/12/2016,20.5225,,
19/12/2016,20.11125,,
20/12/2016,19.7,,
21/12/2016,21.285,,
22/12/2016,22.87,,
23/12/2016,22.87464286,,
24/12/2016,22.87928571,,
25/12/2016,22.88392857,,
26/12/2016,22.88857143,,
27/12/2016,22.89321429,,
28/12/2016,22.89785714,,
29/12/2016,22.9025,,
30/12/2016,22.90714286,,
31/12/2016,22.91178571,,
01/01/2017,22.91642857,,
02/01/2017,22.92107143,,
03/01/2017,22.92571429,,
04/01/2017,22.93035714,,
05/01/2017,22.935,,
06/01/2017,22.93964286,,
07/01/2017,22.94428571,,
08/01/2017,22.94892857,,
09/01/2017,22.95357143,,
10/01/2017,22.95821429,,
11/01/2017,22.96285714,,
12/01/2017,22.9675,,
13/01/2017,22.97214286,,
14/01/2017,22.97678571,,
15/01/2017,22.98142857,,
16/01/2017,22.98607143,,
17/01/2017,22.99071429,,
18/01/2017,22.99535714,,
19/01/2017,23,,
20/01/2017,22.33333333,,
21/01/2017,21.66666667,,
22/01/2017,21,,
23/01/2017,20.33333333,,
24/01/2017,19.66666667,,
25/01/2017,19,,
26/01/2017,19.5,,
27/01/2017,20,,
28/01/2017,20.5,,
29/01/2017,21,,
30/01/2017,21.5,,
31/01/2017,22,,
01/02/2017,23,,
02/02/2017,24,,
03/02/2017,24.09090909,,
04/02/2017,24.18181818,,
05/02/2017,24.27272727,,
06/02/2017,24.36363636,,
07/02/2017,24.45454545,,
08/02/2017,24.54545455,,
09/02/2017,24.63636364,,
10/02/2017,24.72727273,,
11/02/2017,24.81818182,,
12/02/2017,24.90909091,,
13/02/2017,25,,
14/02/2017,24.470625,,
15/02/2017,23.94125,,
16/02/2017,23.411875,,
17/02/2017,22.8825,,
18/02/2017,22.353125,,
19/02/2017,21.82375,,
20/02/2017,21.294375,,
21/02/2017,20.765,,
22/02/2017,20.235625,,
23/02/2017,19.70625,,
24/02/2017,19.176875,,
25/02/2017,18.6475,,
26/02/2017,18.118125,,
27/02/2017,17.58875,,
28/02/2017,17.059375,,
01/03/2017,16.53,,
02/03/2017,20,,
03/03/2017,21.14285714,,
04/03/2017,22.28571429,,
05/03/2017,23.42857143,,
06/03/2017,24.57142857,,
07/03/2017,25.71428571,,
08/03/2017,26.85714286,,
09/03/2017,28,,
10/03/2017,28.42857143,,
11/03/2017,28.85714286,,
12/03/2017,29.28571429,,
13/03/2017,29.71428571,,
14/03/2017,30.14285714,,
15/03/2017,30.57142857,,
16/03/2017,31,,
17/03/2017,30.14285714,,
18/03/2017,29.28571429,,
19/03/2017,28.42857143,,
20/03/2017,27.57142857,,
21/03/2017,26.71428571,,
22/03/2017,25.85714286,,
23/03/2017,25,,
24/03/2017,26.28571429,,
25/03/2017,27.57142857,,
26/03/2017,28.85714286,,
27/03/2017,30.14285714,,
28/03/2017,31.42857143,,
29/03/2017,32.71428571,,
30/03/2017,34,,
31/03/2017,33,,
01/04/2017,32,,
02/04/2017,31,,
03/04/2017,30,,
04/04/2017,29,,
05/04/2017,28,,
06/04/2017,27,,
07/04/2017,29.14285714,,
08/04/2017,31.28571429,,
09/04/2017,33.42857143,,
10/04/2017,35.57142857,,
11/04/2017,37.71428571,,
12/04/2017,39.85714286,,
13/04/2017,42,,
14/04/2017,41,,
15/04/2017,40,,
16/04/2017,39,,
17/04/2017,38,,
18/04/2017,37,,
19/04/2017,36,,
20/04/2017,35,,
21/04/2017,35.21428571,,
22/04/2017,35.42857143,,
23/04/2017,35.64285714,,
24/04/2017,35.85714286,,
25/04/2017,36.07142857,,
26/04/2017,36.28571429,,
27/04/2017,36.5,,
28/04/2017,36.71428571,,
29/04/2017,36.92857143,,
30/04/2017,37.14285714,,
01/05/2017,37.35714286,,
02/05/2017,37.57142857,,
03/05/2017,37.78571429,,
04/05/2017,38,,
05/05/2017,38.21428571,,
06/05/2017,38.42857143,,
07/05/2017,38.64285714,,
08/05/2017,38.85714286,,
09/05/2017,39.07142857,,
10/05/2017,39.28571429,,
11/05/2017,39.5,,
12/05/2017,39.71428571,,
13/05/2017,39.92857143,,
14/05/2017,40.14285714,,
15/05/2017,40.35714286,,
16/05/2017,40.57142857,,
17/05/2017,40.78571429,,
18/05/2017,41,,
19/05/2017,41.42857143,,
20/05/2017,41.85714286,,
21/05/2017,42.28571429,,
22/05/2017,42.71428571,,
23/05/2017,43.14285714,,
24/05/2017,43.57142857,,
25/05/2017,44,,
26/05/2017,43,,
27/05/2017,42,,
28/05/2017,41,,
29/05/2017,40,,
30/05/2017,39,,
31/05/2017,38,,
01/06/2017,37,,
02/06/2017,37.14285714,,
03/06/2017,37.28571429,,
04/06/2017,37.42857143,,
05/06/2017,37.57142857,,
06/06/2017,37.71428571,,
07/06/2017,37.85714286,,
08/06/2017,38,,
09/06/2017,38.14285714,,
10/06/2017,38.28571429,,
11/06/2017,38.42857143,,
12/06/2017,38.57142857,,
13/06/2017,38.71428571,,
14/06/2017,38.85714286,,
15/06/2017,39,,
16/06/2017,39.05555556,,
17/06/2017,39.11111111,,
18/06/2017,39.16666667,,
19/06/2017,39.22222222,,
20/06/2017,39.27777778,,
21/06/2017,39.33333333,,
22/06/2017,39.38888889,,
23/06/2017,39.44444444,,
24/06/2017,39.5,,
25/06/2017,39.55555556,,
26/06/2017,39.61111111,,Risk
27/06/2017,39.66666667,,
28/06/2017,39.72222222,,
29/06/2017,39.77777778,,
30/06/2017,39.83333333,,
01/07/2017,39.88888889,,
02/07/2017,39.94444444,,
03/07/2017,40,,
04/07/2017,40.42857143,,
05/07/2017,40.85714286,,
06/07/2017,41.28571429,,
07/07/2017,41.71428571,,
08/07/2017,42.14285714,,
09/07/2017,42.57142857,,
10/07/2017,43,,
11/07/2017,43.14285714,,
12/07/2017,43.28571429,,
13/07/2017,43.42857143,,
14/07/2017,43.57142857,,
15/07/2017,43.71428571,,
16/07/2017,43.85714286,,
17/07/2017,44,,
18/07/2017,43.28571429,,
19/07/2017,42.57142857,,
20/07/2017,41.85714286,,
21/07/2017,41.14285714,,
22/07/2017,40.42857143,,
23/07/2017,39.71428571,,
24/07/2017,39,,
25/07/2017,39.42857143,,
26/07/2017,39.85714286,,
27/07/2017,40.28571429,,
28/07/2017,40.71428571,,
29/07/2017,41.14285714,,
30/07/2017,41.57142857,,
31/07/2017,42,,
01/08/2017,41.71428571,,
02/08/2017,41.42857143,,
03/08/2017,41.14285714,,
04/08/2017,40.85714286,,
05/08/2017,40.57142857,,
06/08/2017,40.28571429,,
07/08/2017,40,,
08/08/2017,40.14285714,,
09/08/2017,40.28571429,,
10/08/2017,40.42857143,,
11/08/2017,40.57142857,,
12/08/2017,40.71428571,,
13/08/2017,40.85714286,,
14/08/2017,41,,
15/08/2017,40.42857143,,
16/08/2017,39.85714286,,
17/08/2017,39.28571429,,
18/08/2017,38.71428571,,
19/08/2017,38.14285714,,
20/08/2017,37.57142857,,
21/08/2017,37,,
22/08/2017,36.85714286,,
23/08/2017,36.71428571,,
24/08/2017,36.57142857,,
25/08/2017,36.42857143,,
26/08/2017,36.28571429,,
27/08/2017,36.14285714,,
28/08/2017,36,,
29/08/2017,35.28571429,,
30/08/2017,34.57142857,,
31/08/2017,33.85714286,,
01/09/2017,33.14285714,,
02/09/2017,32.42857143,,
03/09/2017,31.71428571,,
04/09/2017,31,,
05/09/2017,31.42857143,,
06/09/2017,31.85714286,,
07/09/2017,32.28571429,,
08/09/2017,32.71428571,,
09/09/2017,33.14285714,,
10/09/2017,33.57142857,,
11/09/2017,34,,
12/09/2017,33.85714286,,
13/09/2017,33.71428571,,
14/09/2017,33.57142857,,
15/09/2017,33.42857143,,
16/09/2017,33.28571429,,
17/09/2017,33.14285714,,
18/09/2017,33,,
19/09/2017,33.57142857,,
20/09/2017,34.14285714,,
21/09/2017,34.71428571,,
22/09/2017,35.28571429,,
23/09/2017,35.85714286,,
24/09/2017,36.42857143,,
25/09/2017,37,,
26/09/2017,36.85714286,,
27/09/2017,36.71428571,,
28/09/2017,36.57142857,,
29/09/2017,36.42857143,,
30/09/2017,36.28571429,,
01/10/2017,36.14285714,,
02/10/2017,36,,
03/10/2017,35.28571429,,
04/10/2017,34.57142857,,
05/10/2017,33.85714286,,
06/10/2017,33.14285714,,
07/10/2017,32.42857143,,
08/10/2017,31.71428571,,
09/10/2017,31,,
10/10/2017,36,,
11/10/2017,35.46153846,,
12/10/2017,34.92307692,,
13/10/2017,34.38461538,,
14/10/2017,33.84615385,,
15/10/2017,33.30769231,,
16/10/2017,32.76923077,,
17/10/2017,32.23076923,,
18/10/2017,31.69230769,,
19/10/2017,31.15384615,,
20/10/2017,30.61538462,,
21/10/2017,30.07692308,,
22/10/2017,29.53846154,,
23/10/2017,29,,
24/10/2017,29.14285714,,
25/10/2017,29.28571429,,
26/10/2017,29.42857143,,
27/10/2017,29.57142857,,
28/10/2017,29.71428571,,
29/10/2017,29.85714286,,
30/10/2017,30,,
31/10/2017,29.7,,
01/11/2017,29.4,,
02/11/2017,29.1,,
03/11/2017,28.8,,
04/11/2017,28.5,,
05/11/2017,28.2,,
06/11/2017,27.9,,
07/11/2017,27.6,,
08/11/2017,27.3,,
09/11/2017,27,,
10/11/2017,26.71428571,,
11/11/2017,26.42857143,,
12/11/2017,26.14285714,,
13/11/2017,25.85714286,,
14/11/2017,25.57142857,,
15/11/2017,25.28571429,,
16/11/2017,25,,
17/11/2017,25.85714286,,
18/11/2017,26.71428571,,
19/11/2017,27.57142857,,
20/11/2017,28.42857143,,
21/11/2017,29.28571429,,
22/11/2017,30.14285714,,
23/11/2017,31,,
24/11/2017,30.09090909,,
25/11/2017,29.18181818,,
26/11/2017,28.27272727,,
27/11/2017,27.36363636,,
28/11/2017,26.45454545,,
29/11/2017,25.54545455,,
30/11/2017,24.63636364,,
01/12/2017,23.72727273,,
02/12/2017,22.81818182,,
03/12/2017,21.90909091,,
04/12/2017,21,,
05/12/2017,21.3,,
06/12/2017,21.6,,
07/12/2017,21.9,,
08/12/2017,22.2,,
09/12/2017,22.5,,
10/12/2017,22.8,,
11/12/2017,23.1,,
12/12/2017,23.4,,
13/12/2017,23.7,,
14/12/2017,24,,
15/12/2017,23.71428571,,
16/12/2017,23.42857143,,
17/12/2017,23.14285714,,
18/12/2017,22.85714286,,
19/12/2017,22.57142857,,
20/12/2017,22.28571429,,
21/12/2017,22,,
22/12/2017,22.07142857,,
23/12/2017,22.14285714,,
24/12/2017,22.21428571,,
25/12/2017,22.28571429,,
26/12/2017,22.35714286,,
27/12/2017,22.42857143,,
28/12/2017,22.5,,
29/12/2017,22.57142857,,
30/12/2017,22.64285714,,
31/12/2017,22.71428571,,
01/01/2018,22.78571429,,
02/01/2018,22.85714286,,
03/01/2018,22.92857143,,
04/01/2018,23,,
05/01/2018,23.14285714,,
06/01/2018,23.28571429,,
07/01/2018,23.42857143,,
08/01/2018,23.57142857,,
09/01/2018,23.71428571,,
10/01/2018,23.85714286,,
11/01/2018,24,,
12/01/2018,23.14285714,,
13/01/2018,22.28571429,,
14/01/2018,21.42857143,,
15/01/2018,20.57142857,,
16/01/2018,19.71428571,,
17/01/2018,18.85714286,,
18/01/2018,18,,
19/01/2018,17.71428571,,
20/01/2018,17.42857143,,
21/01/2018,17.14285714,,
22/01/2018,16.85714286,,
23/01/2018,16.57142857,,
24/01/2018,16.28571429,,
25/01/2018,16,,
26/01/2018,16.36363636,,
27/01/2018,16.72727273,,
28/01/2018,17.09090909,,
29/01/2018,17.45454545,,
30/01/2018,17.81818182,,
31/01/2018,18.18181818,,
01/02/2018,18.54545455,,
02/02/2018,18.90909091,,
03/02/2018,19.27272727,,
04/02/2018,19.63636364,,
05/02/2018,20,,
06/02/2018,19.42857143,,
07/02/2018,18.85714286,,
08/02/2018,18.28571429,,
09/02/2018,17.71428571,,
10/02/2018,17.14285714,,
11/02/2018,16.57142857,,
12/02/2018,16,,
13/02/2018,17.85714286,,
14/02/2018,19.71428571,,
15/02/2018,21.57142857,,
16/02/2018,23.42857143,,
17/02/2018,25.28571429,,
18/02/2018,27.14285714,,
19/02/2018,29,,
20/02/2018,27.85714286,,
21/02/2018,26.71428571,,
22/02/2018,25.57142857,,
23/02/2018,24.42857143,,
24/02/2018,23.28571429,,
25/02/2018,22.14285714,,
26/02/2018,21,,
27/02/2018,21.57142857,,
28/02/2018,22.14285714,,
01/03/2018,22.71428571,,
02/03/2018,23.28571429,,
03/03/2018,23.85714286,,
04/03/2018,24.42857143,,
05/03/2018,25,,
06/03/2018,25.57142857,,
07/03/2018,26.14285714,,
08/03/2018,26.71428571,,
09/03/2018,27.28571429,,
10/03/2018,27.85714286,,
11/03/2018,28.42857143,,
12/03/2018,29,,
13/03/2018,28.85714286,,
14/03/2018,28.71428571,,
15/03/2018,28.57142857,,
16/03/2018,28.42857143,,
17/03/2018,28.28571429,,
18/03/2018,28.14285714,,
19/03/2018,28,,
20/03/2018,28.14285714,,
21/03/2018,28.28571429,,
22/03/2018,28.42857143,,
23/03/2018,28.57142857,,
24/03/2018,28.71428571,,
25/03/2018,28.85714286,,
26/03/2018,29,,
27/03/2018,29.7,,
28/03/2018,30.4,,
29/03/2018,31.1,,
30/03/2018,31.8,,
31/03/2018,32.5,,
01/04/2018,33.2,,
02/04/2018,33.9,,
03/04/2018,34.6,,
04/04/2018,35.3,,
05/04/2018,36,,
06/04/2018,36.42857143,,
07/04/2018,36.85714286,,
08/04/2018,37.28571429,,
09/04/2018,37.71428571,,
10/04/2018,38.14285714,,
11/04/2018,38.57142857,,
12/04/2018,39,,
13/04/2018,39,,
14/04/2018,39,,
15/04/2018,39,,
16/04/2018,39,,
17/04/2018,39,,
18/04/2018,39,,
19/04/2018,39,,
20/04/2018,39,,
21/04/2018,39,,
22/04/2018,39,,
23/04/2018,39,,
24/04/2018,39,,
25/04/2018,39,,
26/04/2018,39,,
27/04/2018,39,,
28/04/2018,39,,
29/04/2018,39,,
30/04/2018,39,,
01/05/2018,39,,
02/05/2018,39,,
03/05/2018,39,,
04/05/2018,39,,
05/05/2018,39,,
06/05/2018,39,,
07/05/2018,39,,
08/05/2018,39,,
09/05/2018,39,,
10/05/2018,39,,
11/05/2018,39,,
12/05/2018,39,,
13/05/2018,39,,
14/05/2018,39,,
15/05/2018,39,,
16/05/2018,39,,
17/05/2018,39,,
18/05/2018,39,,
19/05/2018,39,,
20/05/2018,39,,
21/05/2018,39,,
22/05/2018,39,,
23/05/2018,39,,
24/05/2018,39,,
25/05/2018,39,,
26/05/2018,39,,
27/05/2018,39,,
28/05/2018,39,,
29/05/2018,39,,
30/05/2018,39,,
31/05/2018,39,,
01/06/2018,39,,
02/06/2018,39,,
03/06/2018,39,,
04/06/2018,39,,
05/06/2018,39,,
06/06/2018,39,,
07/06/2018,39,,
08/06/2018,39,,
09/06/2018,39,,
10/06/2018,39,,
11/06/2018,39,,
12/06/2018,39,,
13/06/2018,39,,
14/06/2018,39,,
15/06/2018,39,,
16/06/2018,39,,
17/06/2018,39,,
18/06/2018,39,,
19/06/2018,39,,
20/06/2018,39,,
21/06/2018,39,,
22/06/2018,39,,
23/06/2018,39,,
24/06/2018,39,,
25/06/2018,39,,
26/06/2018,39,,
27/06/2018,39,,
28/06/2018,39,,
29/06/2018,39,,
30/06/2018,39,,
01/07/2018,39,,
02/07/2018,39,,
03/07/2018,39,,
04/07/2018,39,,
05/07/2018,39,,
06/07/2018,39,,
07/07/2018,39,,
08/07/2018,39,,
09/07/2018,39,,
10/07/2018,39,,
11/07/2018,39,,
12/07/2018,39,,
13/07/2018,39,,
14/07/2018,39,,
15/07/2018,39,,
16/07/2018,39,,
17/07/2018,39,,
18/07/2018,39,,
19/07/2018,39,,
20/07/2018,39.07142857,,
21/07/2018,39.14285714,,
22/07/2018,39.21428571,,
23/07/2018,39.28571429,,
24/07/2018,39.35714286,,
25/07/2018,39.42857143,,
26/07/2018,39.5,,
27/07/2018,39.57142857,,
28/07/2018,39.64285714,,
29/07/2018,39.71428571,,
30/07/2018,39.78571429,,
31/07/2018,39.85714286,,
01/08/2018,39.92857143,,
02/08/2018,40,,
03/08/2018,39.87179487,,
04/08/2018,39.74358974,,
05/08/2018,39.61538462,,
06/08/2018,39.48717949,,
07/08/2018,39.35897436,,
08/08/2018,39.23076923,,
09/08/2018,39.1025641,,
10/08/2018,38.97435897,,
11/08/2018,38.84615385,,
12/08/2018,38.71794872,,
13/08/2018,38.58974359,,
14/08/2018,38.46153846,,
15/08/2018,38.33333333,,
16/08/2018,38.20512821,,
17/08/2018,38.07692308,,
18/08/2018,37.94871795,,
19/08/2018,37.82051282,,
20/08/2018,37.69230769,,
21/08/2018,37.56410256,,
22/08/2018,37.43589744,,
23/08/2018,37.30769231,,
24/08/2018,37.17948718,,
25/08/2018,37.05128205,,
26/08/2018,36.92307692,,
27/08/2018,36.79487179,,
28/08/2018,36.66666667,,
29/08/2018,36.53846154,,
30/08/2018,36.41025641,,
31/08/2018,36.28205128,,
01/09/2018,36.15384615,,
02/09/2018,36.02564103,,
03/09/2018,35.8974359,,
04/09/2018,35.76923077,,
05/09/2018,35.64102564,,
06/09/2018,35.51282051,,
07/09/2018,35.38461538,,
08/09/2018,35.25641026,,
09/09/2018,35.12820513,,
10/09/2018,35,,
11/09/2018,34.83333333,,
12/09/2018,34.66666667,,
13/09/2018,34.5,,
14/09/2018,34.33333333,,
15/09/2018,34.16666667,,
16/09/2018,34,,
17/09/2018,33.83333333,,
18/09/2018,33.66666667,,
19/09/2018,33.5,,
20/09/2018,33.33333333,,
21/09/2018,33.16666667,,
22/09/2018,33,,
23/09/2018,32.83333333,,
24/09/2018,32.66666667,,
25/09/2018,32.5,,
26/09/2018,32.33333333,,
27/09/2018,32.16666667,,
28/09/2018,32,,
29/09/2018,31.83333333,,
30/09/2018,31.66666667,,
01/10/2018,31.5,,
02/10/2018,31.33333333,,
03/10/2018,31.16666667,,
04/10/2018,31,,
05/10/2018,30.85714286,,
06/10/2018,30.71428571,,
07/10/2018,30.57142857,,
08/10/2018,30.42857143,,
09/10/2018,30.28571429,,
10/10/2018,30.14285714,,
11/10/2018,30,,
12/10/2018,29.85714286,,
13/10/2018,29.71428571,,
14/10/2018,29.57142857,,
15/10/2018,29.42857143,,
16/10/2018,29.28571429,,
17/10/2018,29.14285714,,
18/10/2018,29,,
19/10/2018,28.85714286,,
20/10/2018,28.71428571,,
21/10/2018,28.57142857,,
22/10/2018,28.42857143,,
23/10/2018,28.28571429,,
24/10/2018,28.14285714,,
25/10/2018,28,,
26/10/2018,27.85714286,,
27/10/2018,27.71428571,,
28/10/2018,27.57142857,,
29/10/2018,27.42857143,,
30/10/2018,27.28571429,,
31/10/2018,27.14285714,,
01/11/2018,27,,
02/11/2018,27.1025641,,
03/11/2018,27.20512821,,
04/11/2018,27.30769231,,
05/11/2018,27.41025641,,
06/11/2018,27.51282051,,
07/11/2018,27.61538462,,
08/11/2018,27.71794872,,
09/11/2018,27.82051282,,
10/11/2018,27.92307692,,
11/11/2018,28.02564103,,
12/11/2018,28.12820513,,
13/11/2018,28.23076923,,
14/11/2018,28.33333333,,
15/11/2018,28.43589744,,
16/11/2018,28.53846154,,
17/11/2018,,28.64102564,
18/11/2018,,28.74358974,
19/11/2018,,28.84615385,
20/11/2018,,28.94871795,
21/11/2018,,29.05128205,
22/11/2018,,29.15384615,
23/11/2018,,29.25641026,
24/11/2018,,29.35897436,
25/11/2018,,29.46153846,
26/11/2018,,29.56410256,
27/11/2018,,29.66666667,
28/11/2018,,29.76923077,
29/11/2018,,29.87179487,
30/11/2018,,29.97435897,
01/12/2018,,30.07692308,
02/12/2018,,30.17948718,
03/12/2018,,30.28205128,
04/12/2018,,30.38461538,
05/12/2018,,30.48717949,
06/12/2018,,30.58974359,
07/12/2018,,30.69230769,
08/12/2018,,30.79487179,
09/12/2018,,30.8974359,
10/12/2018,,31,
11/12/2018,,30.5,
12/12/2018,,30,
13/12/2018,,29.5,
14/12/2018,,29,
15/12/2018,,28.5,
16/12/2018,,28,
17/12/2018,,27.5,
18/12/2018,,27,
19/12/2018,,26.5,
20/12/2018,,26,
21/12/2018,,25.5,
22/12/2018,,25,
23/12/2018,,24.5,
24/12/2018,,24,
25/12/2018,,23.5,
26/12/2018,,23,
27/12/2018,,22.5,
28/12/2018,,22,
29/12/2018,,21.5,
30/12/2018,,21,
31/12/2018,,20.5,
01/01/2019,,20,
02/01/2019,,19.5,
03/01/2019,,19,
04/01/2019,,19.08695652,
05/01/2019,,19.17391304,
06/01/2019,,19.26086957,
07/01/2019,,19.34782609,
08/01/2019,,19.43478261,
09/01/2019,,19.52173913,
10/01/2019,,19.60869565,
11/01/2019,,19.69565217,
12/01/2019,,19.7826087,
13/01/2019,,19.86956522,
14/01/2019,,19.95652174,
15/01/2019,,20.04347826,
16/01/2019,,20.13043478,
17/01/2019,,20.2173913,
18/01/2019,,20.30434783,
19/01/2019,,20.39130435,
20/01/2019,,20.47826087,
21/01/2019,,20.56521739,
22/01/2019,,20.65217391,
23/01/2019,,20.73913043,
24/01/2019,,20.82608696,
25/01/2019,,20.91304348,
26/01/2019,,21,
27/01/2019,,21.08695652,
28/01/2019,,21.17391304,
29/01/2019,,21.26086957,
30/01/2019,,21.34782609,
31/01/2019,,21.43478261,
01/02/2019,,21.52173913,
02/02/2019,,21.60869565,
03/02/2019,,21.69565217,
04/02/2019,,21.7826087,
05/02/2019,,21.86956522,
06/02/2019,,21.95652174,
07/02/2019,,22.04347826,
08/02/2019,,22.13043478,
09/02/2019,,22.2173913,
10/02/2019,,22.30434783,
11/02/2019,,22.39130435,
12/02/2019,,22.47826087,
13/02/2019,,22.56521739,
14/02/2019,,22.65217391,
15/02/2019,,22.73913043,
16/02/2019,,22.82608696,
17/02/2019,,22.91304348,
18/02/2019,,23,
19/02/2019,,23,
20/02/2019,,23,
21/02/2019,,23,
22/02/2019,,23,
23/02/2019,,23,
24/02/2019,,23,
25/02/2019,,23,
26/02/2019,,23,
27/02/2019,,23,
28/02/2019,,23,
01/03/2019,,23,
02/03/2019,,23,
03/03/2019,,23,
04/03/2019,,23,
05/03/2019,,23.39285714,
06/03/2019,,23.78571429,
07/03/2019,,24.17857143,
08/03/2019,,24.57142857,
09/03/2019,,24.96428571,
10/03/2019,,25.35714286,
11/03/2019,,25.75,
12/03/2019,,26.14285714,
13/03/2019,,26.53571429,
14/03/2019,,26.92857143,
15/03/2019,,27.32142857,
16/03/2019,,27.71428571,
17/03/2019,,28.10714286,
18/03/2019,,28.5,
19/03/2019,,28.89285714,
20/03/2019,,29.28571429,
21/03/2019,,29.67857143,
22/03/2019,,30.07142857,
23/03/2019,,30.46428571,
24/03/2019,,30.85714286,
25/03/2019,,31.25,
26/03/2019,,31.64285714,
27/03/2019,,32.03571429,
28/03/2019,,32.42857143,
29/03/2019,,32.82142857,
30/03/2019,,33.21428571,
31/03/2019,,33.60714286,
01/04/2019,,34,
02/04/2019,,34.07894737,
03/04/2019,,34.15789474,
04/04/2019,,34.23684211,
05/04/2019,,34.31578947,
06/04/2019,,34.39473684,
07/04/2019,,34.47368421,
08/04/2019,,34.55263158,Motor is in bad condition
09/04/2019,,34.63157895,
10/04/2019,,34.71052632,
11/04/2019,,34.78947368,
12/04/2019,,34.86842105,
13/04/2019,,34.94736842,
14/04/2019,,35.02631579,
15/04/2019,,35.10526316,
16/04/2019,,35.18421053,
17/04/2019,,35.26315789,
18/04/2019,,35.34210526,
19/04/2019,,35.42105263,
20/04/2019,,35.5,
21/04/2019,,35.57894737,
22/04/2019,,35.65789474,
23/04/2019,,35.73684211,
24/04/2019,,35.81578947,
25/04/2019,,35.89473684,
26/04/2019,,35.97368421,
27/04/2019,,36.05263158,
28/04/2019,,36.13157895,
29/04/2019,,36.21052632,
30/04/2019,,36.28947368,
01/05/2019,,36.36842105,
02/05/2019,,36.44736842,
03/05/2019,,36.52631579,
04/05/2019,,36.60526316,
05/05/2019,,36.68421053,
06/05/2019,,36.76315789,
07/05/2019,,36.84210526,
08/05/2019,,36.92105263,
09/05/2019,,37,
10/05/2019,,36.9375,
11/05/2019,,36.875,
12/05/2019,,36.8125,
13/05/2019,,36.75,
14/05/2019,,36.6875,
15/05/2019,,36.625,
16/05/2019,,36.5625,
17/05/2019,,36.5,
18/05/2019,,36.4375,
19/05/2019,,36.375,
20/05/2019,,36.3125,
21/05/2019,,36.25,
22/05/2019,,36.1875,
23/05/2019,,36.125,
24/05/2019,,36.0625,
25/05/2019,,36,
26/05/2019,,35.9375,
27/05/2019,,35.875,
28/05/2019,,35.8125,
29/05/2019,,35.75,
30/05/2019,,35.6875,
31/05/2019,,35.625,
01/06/2019,,35.5625,
02/06/2019,,35.5,
03/06/2019,,35.4375,
04/06/2019,,35.375,
05/06/2019,,35.3125,
06/06/2019,,35.25,
07/06/2019,,35.1875,
08/06/2019,,35.125,
09/06/2019,,35.0625,
10/06/2019,,35.35,
11/06/2019,,38.75957278,
12/06/2019,,42.71450677,
13/06/2019,,42.67049787,
14/06/2019,,42.62814723,
15/06/2019,,42.5871456,
16/06/2019,,42.51817345,
17/06/2019,,42.45019764,
18/06/2019,,42.38313018,
19/06/2019,,42.31691306,
20/06/2019,,42.25150647,
21/06/2019,,42.18688199,
22/06/2019,,42.12484132,
23/06/2019,,42.06536755,
24/06/2019,,42.0070033,
25/06/2019,,41.94973624,
26/06/2019,,41.89355518,
27/06/2019,,41.8384497,
28/06/2019,,41.78440992,
29/06/2019,,42.11457447,
30/06/2019,,42.44578598,
01/07/2019,,42.20874973,
02/07/2019,,41.97274263,
03/07/2019,,41.73775603,
04/07/2019,,41.62812007,
05/07/2019,,41.51948778,
06/07/2019,,41.41131489,
07/07/2019,,41.30359334,
08/07/2019,,41.19631514,
09/07/2019,,41.08947247,
10/07/2019,,40.9830576,
11/07/2019,,40.78182484,
12/07/2019,,40.58100479,
13/07/2019,,40.38059007,
14/07/2019,,40.18057344,
15/07/2019,,41.4219001,
16/07/2019,,42.66361064,
17/07/2019,,42.75103146,
18/07/2019,,42.55310809,
19/07/2019,,42.3555481,
20/07/2019,,42.18215439,
21/07/2019,,42.00911089,
22/07/2019,,41.83579812,
23/07/2019,,41.66220973,
24/07/2019,,41.48833951,
25/07/2019,,41.69513367,
26/07/2019,,41.9016338,
27/07/2019,,42.10783393,
28/07/2019,,42.31479364,
29/07/2019,,42.52250717,
30/07/2019,,42.73096881,
31/07/2019,,42.94017295,
01/08/2019,,41.29668552,
02/08/2019,,42.20726296,
03/08/2019,,42.2000977,
04/08/2019,,42.19410999,
05/08/2019,,42.1884644,
06/08/2019,,42.18315582,
07/08/2019,,42.17817921,
08/08/2019,,42.31638675,
09/08/2019,,42.45491641,
10/08/2019,,39.43947767,
11/08/2019,,39.35768482,
12/08/2019,,39.27619987,
13/08/2019,,39.19501821,
14/08/2019,,39.11413532,
15/08/2019,,38.7954515,
16/08/2019,,38.47649113,
17/08/2019,,38.15724986,
18/08/2019,,37.83772346,
19/08/2019,,37.51790771,
20/08/2019,,37.19779848,
21/08/2019,,36.87747112,
22/08/2019,,37.47644542,
23/08/2019,,37.83233648,
24/08/2019,,38.18799756,
25/08/2019,,38.54342482,
26/08/2019,,38.8986145,
27/08/2019,,39.25356286,
28/08/2019,,39.60826627,
29/08/2019,,39.77224491,
30/08/2019,,39.28322252,
31/08/2019,,38.79394452,
01/09/2019,,38.30805985,
02/09/2019,,37.82343989,
03/09/2019,,37.34008129,
04/09/2019,,36.85762199,
05/09/2019,,36.75701113,
06/09/2019,,36.65729314,
07/09/2019,,36.55846487,
08/09/2019,,36.46052323,
09/09/2019,,36.36281287,
10/09/2019,,36.26533076,
11/09/2019,,36.15525345,
12/09/2019,,35.85492234,
13/09/2019,,35.55481076,
14/09/2019,,35.25491589,
15/09/2019,,34.95523493,
16/09/2019,,34.65459098,
17/09/2019,,34.35298134,
18/09/2019,,34.05040336,
19/09/2019,,33.98494965,
20/09/2019,,33.9185224,
21/09/2019,,35.76672513,
22/09/2019,,35.86728261,
23/09/2019,,35.96881599,
24/09/2019,,36.07132285,
25/09/2019,,36.17480079,
26/09/2019,,36.04115223,
27/09/2019,,35.90847009,
28/09/2019,,35.77675208,
29/09/2019,,35.64599595,
30/09/2019,,35.51411209,
01/10/2019,,35.3810983,
02/10/2019,,35.24723913,
03/10/2019,,34.92205625,
04/10/2019,,34.59602379,
05/10/2019,,34.27707619,
06/10/2019,,33.95727493,
07/10/2019,,33.63948821,
08/10/2019,,33.32371406,
09/10/2019,,33.00995056,
10/10/2019,,34.34879105,
11/10/2019,,33.84348456,
12/10/2019,,33.34018309,
13/10/2019,,32.83888484,
14/10/2019,,32.27755116,
15/10/2019,,31.71534695,
16/10/2019,,31.15227047,
17/10/2019,,31.50498669,
18/10/2019,,31.85682725,
19/10/2019,,31.36471357,
20/10/2019,,30.87172095,
21/10/2019,,30.37895671,
22/10/2019,,29.88641927,
23/10/2019,,29.39410707,
24/10/2019,,29.1291248,
25/10/2019,,28.86436472,
26/10/2019,,28.59982534,
27/10/2019,,28.33550519,
28/10/2019,,28.07140282,
29/10/2019,,27.80751682,
30/10/2019,,27.54384578,
31/10/2019,,27.13276928,
01/11/2019,,27.1654581,
02/11/2019,,27.28016489,
03/11/2019,,27.39508124,
04/11/2019,,27.51020586,
05/11/2019,,27.62553745,
06/11/2019,,27.74107477,
07/11/2019,,27.85681657,
08/11/2019,,27.73085686,
09/11/2019,,27.60522839,
10/11/2019,,27.48469186,
11/11/2019,,27.36448421,
12/11/2019,,27.24460429,
13/11/2019,,27.12505096,
14/11/2019,,27.00582311,
15/11/2019,,26.93168154,
16/11/2019,,26.85786327,
17/11/2019,,27.16531961,
18/11/2019,,27.47329282,
19/11/2019,,27.78178188,
20/11/2019,,28.09078576,
21/11/2019,,28.40030346,
22/11/2019,,28.77327517,
23/11/2019,,29.14675874,
24/11/2019,,28.93200863,
25/11/2019,,28.71646384,
26/11/2019,,28.50012344,
27/11/2019,,28.28298653,
28/11/2019,,28.0650522,
29/11/2019,,27.84631957,
30/11/2019,,27.54747341,
01/12/2019,,27.33247914,
02/12/2019,,27.11750183,
03/12/2019,,26.90254066,
04/12/2019,,26.68759479,
05/12/2019,,26.87569373,
06/12/2019,,27.06380637,
07/12/2019,,27.25193192,
08/12/2019,,27.44006962,
09/12/2019,,26.98361085,
10/12/2019,,26.52716271,
11/12/2019,,25.74769701,
12/12/2019,,25.08659092,
13/12/2019,,24.88335286,
14/12/2019,,24.68006546,
15/12/2019,,24.28148992,
16/12/2019,,23.88286367,
17/12/2019,,23.48418601,
18/12/2019,,23.08545629,
19/12/2019,,22.68667386,
20/12/2019,,22.28783806,
21/12/2019,,22.55436493,
22/12/2019,,22.9398848,
23/12/2019,,22.79856371,
24/12/2019,,22.65718678,
25/12/2019,,22.5157534,
26/12/2019,,22.374263,
27/12/2019,,22.23271498,
28/12/2019,,22.09110878,
29/12/2019,,21.95049355,
30/12/2019,,21.81086875,
31/12/2019,,21.67067414,
01/01/2020,,21.52990918,
02/01/2020,,21.38857334,
03/01/2020,,21.24666611,
04/01/2020,,21.29983914,
05/01/2020,,21.37624929,
06/01/2020,,21.45208651,
07/01/2020,,21.52735034,
08/01/2020,,21.60204027,
09/01/2020,,21.67615585,
10/01/2020,,21.7496966,
11/01/2020,,21.82266205,
12/01/2020,,21.56171843,
13/01/2020,,21.30019861,
14/01/2020,,21.04204997,
15/01/2020,,20.78727208,
16/01/2020,,20.53270104,
17/01/2020,,20.27833643,
18/01/2020,,20.02417783,
19/01/2020,,19.9606358,
20/01/2020,,19.6734639,
21/01/2020,,19.38643157,
22/01/2020,,19.09953843,
23/01/2020,,18.81278408,
24/01/2020,,18.52616816,
25/01/2020,,18.2396903,
26/01/2020,,18.55868921,
27/01/2020,,18.87782546,
28/01/2020,,19.19709866,
29/01/2020,,19.51650848,
30/01/2020,,19.83605457,
31/01/2020,,20.15131102,
01/02/2020,,20.63593959,
02/02/2020,,21.12112032,
03/02/2020,,21.30382256,
04/02/2020,,21.48707632,
05/02/2020,,21.67088126,
06/02/2020,,21.54354877,
07/02/2020,,21.41676686,
08/02/2020,,21.29053522,
09/02/2020,,21.15621167,
10/02/2020,,21.02183247,
11/02/2020,,20.88739731,
12/02/2020,,20.75290591,
13/02/2020,,21.42788181,
14/02/2020,,21.89603956,
15/02/2020,,22.36414025,
16/02/2020,,22.83218361,
17/02/2020,,23.30016939,
18/02/2020,,23.76809731,
19/02/2020,,24.20698163,
20/02/2020,,23.64580759,
21/02/2020,,23.08670281,
22/02/2020,,22.52900167,
23/02/2020,,21.97270394,
24/02/2020,,21.41780939,
25/02/2020,,20.86431778,
26/02/2020,,20.31222887,
27/02/2020,,20.33297103,
28/02/2020,,20.35511545,
29/02/2020,,20.36,
01/03/2020,,20.37595889,
02/03/2020,,21.7304693,
03/03/2020,,22.30887848,
04/03/2020,,22.88690051,
05/03/2020,,23.59548757,
06/03/2020,,24.30368708,
07/03/2020,,25.01149883,
08/03/2020,,25.71892265,
09/03/2020,,26.42595833,
10/03/2020,,26.89451045,
11/03/2020,,27.36267406,
12/03/2020,,27.83044899,
13/03/2020,,28.05977494,
14/03/2020,,28.28874696,
15/03/2020,,28.51736489,
16/03/2020,,28.74562856,
17/03/2020,,28.54496636,
18/03/2020,,28.34394956,
19/03/2020,,28.142578,
20/03/2020,,28.03608961,
21/03/2020,,27.92924613,
22/03/2020,,27.82204742,
23/03/2020,,27.71974154,
24/03/2020,,28.33182868,
25/03/2020,,28.94402297,
26/03/2020,,29.55632426,
27/03/2020,,30.3544467,
28/03/2020,,31.15267586,
29/03/2020,,31.95101159,
30/03/2020,,32.74945376,
31/03/2020,,32.78609747,
01/04/2020,,32.82284735,
02/04/2020,,32.75506667,
03/04/2020,,32.68739189,
04/04/2020,,32.61982289,
05/04/2020,,32.55235954,
06/04/2020,,32.39450378,
07/04/2020,,33.28435073,
08/04/2020,,34.17428121,
09/04/2020,,35.06429511,
10/04/2020,,35.95439231,
11/04/2020,,36.84387636,
12/04/2020,,37.73274713,
13/04/2020,,38.47814736,
14/04/2020,,38.17531506,
15/04/2020,,37.87170705,
16/04/2020,,37.56732323,
17/04/2020,,37.26216349,
18/04/2020,,36.95873914,
19/04/2020,,36.65705008,
20/04/2020,,36.35478642,
21/04/2020,,36.45670996,
22/04/2020,,36.55805869,
23/04/2020,,36.65883251,
24/04/2020,,36.75903135,
25/04/2020,,36.85865509,
26/04/2020,,36.95770365,
27/04/2020,,37.05617694,
28/04/2020,,37.15407487,
29/04/2020,,37.25139736,
30/04/2020,,37.34814431,
01/05/2020,,37.44431564,
02/05/2020,,37.53991126,
03/05/2020,,37.63614632,
04/05/2020,,37.73279659,
05/05/2020,,37.829862,
06/05/2020,,37.92734247,
07/05/2020,,38.02523792,
08/05/2020,,38.12354828,
09/05/2020,,38.22227346,
10/05/2020,,38.27360153,
11/05/2020,,38.32468153,
12/05/2020,,38.37551338,
13/05/2020,,38.42609702,
14/05/2020,,38.47643238,
15/05/2020,,38.52651938,
16/05/2020,,38.57635797,
17/05/2020,,38.62607071,
18/05/2020,,38.67565753,
19/05/2020,,38.79654694,
20/05/2020,,38.9173103,
21/05/2020,,39.03794756,
22/05/2020,,39.15845865,
23/05/2020,,39.27884351,
24/05/2020,,39.39927452,
25/05/2020,,39.51975162,
26/05/2020,,39.16408428,
27/05/2020,,38.80846292,
28/05/2020,,38.45288748,
29/05/2020,,38.0973579,
30/05/2020,,37.74187414,
31/05/2020,,37.38643613,
01/06/2020,,38.3406489,
02/06/2020,,38.33462178,
03/06/2020,,38.32862969,
04/06/2020,,38.32267259,
05/06/2020,,38.31675042,
06/06/2020,,38.31086315,
07/06/2020,,38.30501072,
08/06/2020,,38.29919307,
09/06/2020,,38.29341018,
10/06/2020,,38.28633744,
11/06/2020,,39.44091563,
12/06/2020,,39.44954788,
13/06/2020,,39.4570095,
14/06/2020,,39.464555,
15/06/2020,,39.47218435,
16/06/2020,,39.45079697,
17/06/2020,,39.42949335,
18/06/2020,,39.40827345,
19/06/2020,,39.38713723,
20/06/2020,,39.36608464,
21/06/2020,,39.34511566,
22/06/2020,,39.3260533,
23/06/2020,,39.30889752,
24/06/2020,,39.29220504,
25/06/2020,,39.27597582,
26/06/2020,,39.26020982,
27/06/2020,,39.24490701,
28/06/2020,,39.23006735,
29/06/2020,,39.59883896,
30/06/2020,,39.96807365,
01/07/2020,,39.76848568,
02/07/2020,,39.56936073,
03/07/2020,,39.37069876,
04/07/2020,,39.29683837,
05/07/2020,,39.2234409,
06/07/2020,,39.14997028,
07/07/2020,,39.07642649,
08/07/2020,,39.0028095,
09/07/2020,,38.92911928,
10/07/2020,,38.85535579,
11/07/2020,,38.68628091,
12/07/2020,,38.51713272,
13/07/2020,,38.34791117,
14/07/2020,,38.17861625,
15/07/2020,,39.45020031,
16/07/2020,,40.72171093,
17/07/2020,,40.83848144,
18/07/2020,,40.66946417,
19/07/2020,,40.5003734,
20/07/2020,,40.35501862,
21/07/2020,,40.20959028,
22/07/2020,,40.06347529,
23/07/2020,,39.91667363,
24/07/2020,,39.76918527,
25/07/2020,,40.00196257,
26/07/2020,,40.23405312,
27/07/2020,,40.46545691,
28/07/2020,,40.69723936,
29/07/2020,,40.92940044,
30/07/2020,,41.16194015,
31/07/2020,,41.39485844,
01/08/2020,,39.77472675,
02/08/2020,,40.70830693,
03/08/2020,,40.72379676,
04/08/2020,,40.74012171,
05/08/2020,,40.75645156,
06/08/2020,,40.77278629,
07/08/2020,,40.78912587,
08/08/2020,,40.94832744,
09/08/2020,,41.10753382,
10/08/2020,,38.11245928,
11/08/2020,,38.05072287,
12/08/2020,,37.98899121,
13/08/2020,,37.92726431,
14/08/2020,,37.86554213,
15/08/2020,,37.56572943,
16/08/2020,,37.26535496,
17/08/2020,,36.9644187,
18/08/2020,,36.66292063,
19/08/2020,,36.36086074,
20/08/2020,,36.05823901,
21/08/2020,,35.75513484,
22/08/2020,,36.37107203,
23/08/2020,,36.7436696,
24/08/2020,,37.11578468,
25/08/2020,,37.48741727,
26/08/2020,,37.85856734,
27/08/2020,,38.22923489,
28/08/2020,,38.59941989,
29/08/2020,,38.77864614,
30/08/2020,,38.30464091,
31/08/2020,,37.83015309,
01/09/2020,,37.35883508,
02/09/2020,,36.88856161,
03/09/2020,,36.41933267,
04/09/2020,,35.95078948,
05/09/2020,,35.8638844,
06/09/2020,,35.77766504,
07/09/2020,,35.69213139,
08/09/2020,,35.60728344,
09/09/2020,,35.52246885,
10/09/2020,,35.43768763,
11/09/2020,,35.34011924,
12/09/2020,,35.052108,
13/09/2020,,34.76413008,
14/09/2020,,34.47618547,
15/09/2020,,34.18827417,
16/09/2020,,33.89922199,
17/09/2020,,33.60902893,
18/09/2020,,33.31769498,
19/09/2020,,33.26331535,
20/09/2020,,33.20779482,
21/09/2020,,35.06673942,
22/09/2020,,35.17787641,
23/09/2020,,35.28982942,
24/09/2020,,35.40259841,
25/09/2020,,35.51618339,
26/09/2020,,35.39248911,
27/09/2020,,35.2696108,
28/09/2020,,35.14754845,
29/09/2020,,35.02630205,
30/09/2020,,34.90378418,
01/10/2020,,34.77999483,
02/10/2020,,34.65522068,
03/10/2020,,34.33898552,
04/10/2020,,34.02176553,
05/10/2020,,33.71149722,
06/10/2020,,33.40024406,
07/10/2020,,33.09087625,
08/10/2020,,32.78339378,
09/10/2020,,32.47779663,
10/10/2020,,33.82468003,
11/10/2020,,33.32729491,
12/10/2020,,32.83179509,
13/10/2020,,32.33818056,
14/10/2020,,31.78441448,
15/10/2020,,31.22966348,
16/10/2020,,30.67392758,
17/10/2020,,31.03387343,
18/10/2020,,31.39283435,
19/10/2020,,30.90773342,
20/10/2020,,30.42164756,
21/10/2020,,29.93568568,Risk
22/10/2020,,29.4498478,
23/10/2020,,28.9641339,
24/10/2020,,28.7056502,
25/10/2020,,28.44729048,
26/10/2020,,28.18905472,
27/10/2020,,27.93094291,
28/10/2020,,27.67295507,
29/10/2020,,27.41509117,
30/10/2020,,27.15735121,
31/10/2020,,26.75211615,
01/11/2020,,26.79055813,
02/11/2020,,26.91093112,
03/11/2020,,27.03142804,
04/11/2020,,27.15204887,
05/11/2020,,27.27279362,
06/11/2020,,27.39366227,
07/11/2020,,27.51465483,
08/11/2020,,27.39386652,
09/11/2020,,27.27333129,
10/11/2020,,27.15781102,
11/11/2020,,27.04254382,
12/11/2020,,26.92752967,
13/11/2020,,26.81276858,
14/11/2020,,26.69826053,
15/11/2020,,26.62876744,
16/11/2020,,26.55952738,
17/11/2020,,26.87149274,
18/11/2020,,27.18390683,
19/11/2020,,27.49676964,
20/11/2020,,27.81008117,
21/11/2020,,28.12384141,
22/11/2020,,28.50099154,
23/11/2020,,28.87859038,
24/11/2020,,28.66789334,
25/11/2020,,28.45634036,
26/11/2020,,28.24393145,
27/11/2020,,28.0306666,
28/11/2020,,27.81654581,
29/11/2020,,27.60156908,
30/11/2020,,27.30642206,
01/12/2020,,27.09507101,
02/12/2020,,26.88368187,
03/12/2020,,26.67225463,
04/12/2020,,26.46078928,
05/12/2020,,26.65231614,
06/12/2020,,26.84380489,
07/12/2020,,27.03525552,
08/12/2020,,27.22666805,
09/12/2020,,26.77343461,
10/12/2020,,26.32016305,
11/12/2020,,25.54382592,
12/12/2020,,24.88580112,
13/12/2020,,24.68559778,
14/12/2020,,24.48529923,
15/12/2020,,24.08966737,
16/12/2020,,23.6939403,
17/12/2020,,23.29811802,
18/12/2020,,22.90220051,
19/12/2020,,22.50618779,
20/12/2020,,22.11007984,
21/12/2020,,22.37929333,
22/12/2020,,22.76745922,
23/12/2020,,22.62874415,
24/12/2020,,22.48993386,
25/12/2020,,22.35102833,
26/12/2020,,22.21202756,
27/12/2020,,22.07293155,
28/12/2020,,21.9337403,
29/12/2020,,21.79550353,
30/12/2020,,21.65822123,
31/12/2020,,21.52033372,
01/01/2021,,21.38184099,
02/01/2021,,21.24274305,
03/01/2021,,21.10303988,
04/01/2021,,21.15838367,
05/01/2021,,21.23693175,
06/01/2021,,21.31487461,
07/01/2021,,21.39221224,
08/01/2021,,21.46894464,
09/01/2021,,21.54507182,
10/01/2021,,21.62059375,
11/01/2021,,21.69551046,
12/01/2021,,21.43648859,
13/01/2021,,21.17686148,
14/01/2021,,20.92057695,
15/01/2021,,20.667635,
16/01/2021,,20.41487214,
17/01/2021,,20.16228838,
18/01/2021,,19.90988372,
19/01/2021,,19.84806912,
20/01/2021,,19.56259854,
21/01/2021,,19.27724182,
22/01/2021,,18.99199896,
23/01/2021,,18.70686996,
24/01/2021,,18.42185482,
25/01/2021,,18.13695353,
26/01/2021,,18.4575052,
27/01/2021,,18.77817073,
28/01/2021,,19.09895011,
29/01/2021,,19.41984334,
30/01/2021,,19.74085041,
31/01/2021,,20.05754577,
01/02/2021,,20.5435915,
02/02/2021,,21.03016796,
03/02/2021,,21.21424486,
04/02/2021,,21.39885248,
05/02/2021,,21.58399083,
06/02/2021,,21.45797159,
07/02/2021,,21.33248308,
08/02/2021,,21.2075253,
09/02/2021,,21.07445636,
10/02/2021,,20.9413128,
11/02/2021,,20.8080946,
12/02/2021,,20.67480178,
13/02/2021,,21.35095814,
14/02/2021,,21.82027851,
15/02/2021,,22.28952424,
16/02/2021,,22.75869534,
17/02/2021,,23.22779181,
18/02/2021,,23.69681364,
19/02/2021,,24.13677534,
20/02/2021,,23.57666239,
21/02/2021,,23.01860266,
22/02/2021,,22.46193078,
23/02/2021,,21.90664676,
24/02/2021,,21.35275059,
25/02/2021,,20.80024227,
26/02/2021,,20.2491218,
27/02/2021,,20.27081774,
28/02/2021,,20.29390154,
01/03/2021,,20.31658483,
02/03/2021,,21.67199262,
03/03/2021,,22.25128561,
04/03/2021,,22.8301781,
05/03/2021,,23.53962245,
06/03/2021,,24.2486663,
07/03/2021,,24.95730963,
08/03/2021,,25.66555246,
09/03/2021,,26.37339477,
10/03/2021,,26.84274133,
11/03/2021,,27.31168738,
12/03/2021,,27.78023292,
13/03/2021,,28.01031782,
14/03/2021,,28.24003734,
15/03/2021,,28.46939146,
16/03/2021,,28.69838019,
17/03/2021,,28.4984321,
18/03/2021,,28.29811862,
19/03/2021,,28.09743974,
20/03/2021,,27.99163357,
21/03/2021,,27.88546199,
22/03/2021,,27.77892503,
23/03/2021,,27.6772709,
24/03/2021,,28.28999993,
25/03/2021,,28.90282642,
26/03/2021,,29.51575036,
27/03/2021,,30.31448603,
28/03/2021,,31.11331914,
29/03/2021,,31.91224971,
30/03/2021,,32.71127772,
31/03/2021,,32.74849842,
01/04/2021,,32.78581657,
02/04/2021,,32.71859557,
03/04/2021,,32.65147201,
04/04/2021,,32.5844459,
05/04/2021,,32.51751723,
06/04/2021,,32.36018808,
07/04/2021,,33.25055367,
08/04/2021,,34.14099496,
09/04/2021,,35.03151194,
10/04/2021,,35.92210463,
11/04/2021,,36.81207666,
12/04/2021,,37.70142805,
13/04/2021,,38.44730164,
14/04/2021,,38.14493554,
15/04/2021,,37.84178668,
16/04/2021,,37.53785507,
17/04/2021,,37.23314071,
18/04/2021,,36.93015501,
19/04/2021,,36.62889797,
20/04/2021,,36.3270598,
21/04/2021,,36.42940239,
22/04/2021,,36.53116384,
23/04/2021,,36.63234416,
24/04/2021,,36.73294333,
25/04/2021,,36.83296137,
26/04/2021,,36.93239826,
27/04/2021,,37.03125402,
28/04/2021,,37.12952863,
29/04/2021,,37.2272221,
30/04/2021,,37.32433444,
01/05/2021,,37.42086563,
02/05/2021,,37.51681567,
03/05/2021,,37.61339979,
04/05/2021,,37.71039385,
05/05/2021,,37.80779786,
06/05/2021,,37.9056118,
07/05/2021,,38.00383569,
08/05/2021,,38.10246952,
09/05/2021,,38.20151329,
10/05/2021,,38.25315512,
11/05/2021,,38.30454414,
12/05/2021,,38.35568035,
13/05/2021,,38.40656374,
14/05/2021,,38.45719432,
15/05/2021,,38.50757209,
16/05/2021,,38.55769705,
17/05/2021,,38.60769182,
18/05/2021,,38.65755642,
19/05/2021,,38.77871941,
20/05/2021,,38.89975222,
21/05/2021,,39.02065484,
22/05/2021,,39.14142729,
23/05/2021,,39.26206956,
24/05/2021,,39.38275409,
25/05/2021,,39.50348088,
26/05/2021,,39.14805946,
27/05/2021,,38.79268029,
28/05/2021,,38.43734339,
29/05/2021,,38.08204875,
30/05/2021,,37.72679636,
31/05/2021,,37.37158624,
01/06/2021,,38.32602345,
02/06/2021,,38.32021737,
03/06/2021,,38.31444299,
04/06/2021,,38.30870031,
05/06/2021,,38.30298932,
06/06/2021,,38.29731003,
07/06/2021,,38.29166244,
08/06/2021,,38.28604654,
09/06/2021,,38.28046234,
10/06/2021,,38.2735853,
11/06/2021,,39.42835622,
12/06/2021,,39.43717829,
13/06/2021,,39.44482686,
14/06/2021,,39.45255649,
15/06/2021,,39.46036719,
16/06/2021,,39.43915841,
17/06/2021,,39.41803069,
18/06/2021,,39.39698404,
19/06/2021,,39.37601844,
20/06/2021,,39.35513391,
21/06/2021,,39.33433043,
22/06/2021,,39.31543108,
23/06/2021,,39.29843584,
24/06/2021,,39.28190148,
25/06/2021,,39.26582798,
26/06/2021,,39.25021536,
27/06/2021,,39.2350636,
28/06/2021,,39.22037271,
29/06/2021,,39.58929085,
30/06/2021,,39.95866985,
01/07/2021,,39.75922401,
02/07/2021,,39.56023903,
03/07/2021,,39.36171493,
04/07/2021,,39.28799032,
05/07/2021,,39.21472658,
06/07/2021,,39.14138767,
07/07/2021,,39.0679736,
08/07/2021,,38.99448437,
09/07/2021,,38.92091997,
10/07/2021,,38.8472804,
11/07/2021,,38.67832757,
12/07/2021,,38.50929958,
13/07/2021,,38.34019643,
14/07/2021,,38.17101811,
15/07/2021,,39.442717,
16/07/2021,,40.71434073,
17/07/2021,,40.83122263,
18/07/2021,,40.66231507,
19/07/2021,,40.49333235,
20/07/2021,,40.34808399,
21/07/2021,,40.20276046,
22/07/2021,,40.05674869,
23/07/2021,,39.9100487,
24/07/2021,,39.76266046,
25/07/2021,,39.99553638,
26/07/2021,,40.22772406,
27/07/2021,,40.4592235,
28/07/2021,,40.69110016,
29/07/2021,,40.92335403,
30/07/2021,,41.15598512,
31/07/2021,,41.38899342,
01/08/2021,,39.76895037,
02/08/2021,,40.70261786,
03/08/2021,,40.71819367,
04/08/2021,,40.73460331,
05/08/2021,,40.75101656,
06/08/2021,,40.76743343,
07/08/2021,,40.78385392,
08/08/2021,,40.94313516,
09/08/2021,,41.10242002,
10/08/2021,,38.10742278,
11/08/2021,,38.04576248,
12/08/2021,,37.9841058,
13/08/2021,,37.92245273,
14/08/2021,,37.86080328,
15/08/2021,,37.5610622,
16/08/2021,,37.26075826,
17/08/2021,,36.95989148,
18/08/2021,,36.65846183,
19/08/2021,,36.35646933,
