Id,Date,ValueNew,ValuePredicted
1,13-02-2017,190.51,
1,14-02-2017,187.74,
1,15-02-2017,185.11,
1,16-02-2017,184.61,
1,17-02-2017,182.9175,
1,18-02-2017,181.225,
1,19-02-2017,179.5325,
1,20-02-2017,177.84,
1,21-02-2017,178.32,
1,22-02-2017,178.79,
1,23-02-2017,178.01,
1,24-02-2017,177.795,
1,25-02-2017,177.58,
1,26-02-2017,177.365,
1,27-02-2017,177.15,
1,28-02-2017,179.14,
1,01-03-2017,179.86,
1,02-03-2017,177.21,
1,03-03-2017,178.875,
1,04-03-2017,180.54,
1,05-03-2017,182.205,
1,06-03-2017,183.87,
1,07-03-2017,182.97,
1,08-03-2017,179.64,
1,09-03-2017,179.11,
1,10-03-2017,182.2175,
1,11-03-2017,185.325,
1,12-03-2017,188.4325,
1,13-03-2017,191.54,
1,14-03-2017,187.62,
1,15-03-2017,185.81,
1,16-03-2017,185.67,
1,17-03-2017,181.0366667,
1,18-03-2017,176.4033333,
1,19-03-2017,171.77,
1,20-03-2017,190.8,
1,21-03-2017,180.34,
1,22-03-2017,181,
1,23-03-2017,179.02,
1,24-03-2017,180,
1,25-03-2017,180.98,
1,26-03-2017,181.96,
1,27-03-2017,182.94,
1,28-03-2017,183.34,
1,29-03-2017,184.89,
1,30-03-2017,184.42,
1,31-03-2017,186.215,
1,01-04-2017,188.01,
1,02-04-2017,189.805,
1,03-04-2017,191.6,
1,04-04-2017,184.84,
1,05-04-2017,183.21,
1,06-04-2017,180.36,
1,07-04-2017,183.6775,
1,08-04-2017,186.995,
1,09-04-2017,190.3125,
1,10-04-2017,193.63,
1,11-04-2017,191.19,
1,12-04-2017,192.56,
1,13-04-2017,189.01,
1,14-04-2017,189.1375,
1,15-04-2017,189.265,
1,16-04-2017,189.3925,
1,17-04-2017,189.52,
1,18-04-2017,187.75,
1,19-04-2017,188.45,
1,20-04-2017,187.67,
1,21-04-2017,189.225,
1,22-04-2017,190.78,
1,23-04-2017,192.335,
1,24-04-2017,193.89,
1,25-04-2017,192.41,
1,26-04-2017,190.44,
1,27-04-2017,183.78,
1,28-04-2017,175.35,
1,29-04-2017,180.8966667,
1,30-04-2017,186.4433333,
1,01-05-2017,191.99,
1,02-05-2017,193.15,
1,03-05-2017,194.39,
1,04-05-2017,185.36,
1,05-05-2017,188.825,
1,06-05-2017,192.29,
1,07-05-2017,195.755,
1,08-05-2017,199.22,
1,09-05-2017,195.96,
1,10-05-2017,193.34,
1,11-05-2017,188.89,
1,12-05-2017,190.31,
1,13-05-2017,191.73,
1,14-05-2017,193.15,
1,15-05-2017,194.57,
1,16-05-2017,192.39,
1,17-05-2017,191.99,
1,18-05-2017,190.2,
1,19-05-2017,192.44,
1,20-05-2017,195.53,
1,21-05-2017,193.75,
1,22-05-2017,195.99,
1,23-05-2017,193.26,
1,24-05-2017,191.72,
1,25-05-2017,191.6,
1,26-05-2017,192.7875,
1,27-05-2017,193.975,
1,28-05-2017,195.1625,
1,29-05-2017,196.35,
1,30-05-2017,196.04,
1,31-05-2017,191.49,
1,01-06-2017,190.18,
1,02-06-2017,190.55,
1,03-06-2017,190.92,
1,04-06-2017,191.29,
1,05-06-2017,191.66,
1,06-06-2017,194.08,
1,07-06-2017,198.52,
1,08-06-2017,190.2,
1,09-06-2017,191.4375,
1,10-06-2017,192.675,
1,11-06-2017,193.9125,
1,12-06-2017,195.15,
1,13-06-2017,192,
1,14-06-2017,192.14,
1,15-06-2017,190.81,
1,16-06-2017,191.765,
1,17-06-2017,192.72,
1,18-06-2017,193.675,
1,19-06-2017,194.63,
1,20-06-2017,192.6,
1,21-06-2017,192.49,
1,22-06-2017,186.24,
1,23-06-2017,188.12,
1,24-06-2017,190,
1,25-06-2017,191.88,
1,26-06-2017,193.76,
1,27-06-2017,195.64,
1,28-06-2017,197.52,
1,29-06-2017,199.4,
1,30-06-2017,197.32,
1,01-07-2017,196.04,
1,02-07-2017,196.14,
1,03-07-2017,189.71,
1,04-07-2017,195.02,
1,05-07-2017,200.33,
1,06-07-2017,205.64,
1,07-07-2017,201.33,
1,08-07-2017,201.92,
1,09-07-2017,200.82,
1,10-07-2017,197.08,
1,11-07-2017,198.3166667,
1,12-07-2017,199.5533333,
1,13-07-2017,200.79,
1,14-07-2017,197.09,
1,15-07-2017,198.63,
1,16-07-2017,200.52,
1,17-07-2017,197.14,
1,18-07-2017,199.2866667,
1,19-07-2017,201.4333333,
1,20-07-2017,203.58,
1,21-07-2017,199.88,
1,22-07-2017,199.13,
1,23-07-2017,198.94,
1,24-07-2017,193.47,
1,25-07-2017,195.81,
1,26-07-2017,198.15,
1,27-07-2017,200.49,
1,28-07-2017,199.37,
1,29-07-2017,198.89,
1,30-07-2017,196.08,
1,31-07-2017,193.31,
1,01-08-2017,197.2433333,
1,02-08-2017,201.1766667,
1,03-08-2017,205.11,
1,04-08-2017,199.43,
1,05-08-2017,197.49,
1,06-08-2017,198.57,
1,07-08-2017,197.27,
1,08-08-2017,198.52,
1,09-08-2017,199.77,
1,10-08-2017,201.02,
1,11-08-2017,199.68,
1,12-08-2017,200.18,
1,13-08-2017,198.12,
1,14-08-2017,193.26,
1,15-08-2017,195.2333333,
1,16-08-2017,197.2066667,
1,17-08-2017,199.18,
1,18-08-2017,197.8,
1,19-08-2017,196.84,
1,20-08-2017,201.49,
1,21-08-2017,205.09,
1,22-08-2017,202.3633333,
1,23-08-2017,199.6366667,
1,24-08-2017,196.91,
1,25-08-2017,195.58,
1,26-08-2017,196.25,
1,27-08-2017,197.18,
1,28-08-2017,193.07,
1,29-08-2017,196.005,
1,30-08-2017,198.94,
1,31-08-2017,194.08,
1,01-09-2017,194.17,
1,02-09-2017,196.26,
1,03-09-2017,195.13,
1,04-09-2017,189.71,
1,05-09-2017,192.6733333,
1,06-09-2017,195.6366667,
1,07-09-2017,198.6,
1,08-09-2017,197.11,
1,09-09-2017,197.3,
1,10-09-2017,194.03,
1,11-09-2017,192.16,
1,12-09-2017,194.76,
1,13-09-2017,197.36,
1,14-09-2017,199.96,
1,15-09-2017,202.94,
1,16-09-2017,195.37,
1,17-09-2017,193.84,
1,18-09-2017,191.11,
1,19-09-2017,193.835,
1,20-09-2017,196.56,
1,21-09-2017,195.01,
1,22-09-2017,195.46,
1,23-09-2017,197.21,
1,24-09-2017,196.03,
1,25-09-2017,190.82,
1,26-09-2017,193.3733333,
1,27-09-2017,195.9266667,
1,28-09-2017,198.48,
1,29-09-2017,193.95,
1,30-09-2017,194.27,
1,01-10-2017,196.61,
1,02-10-2017,193.9,
1,03-10-2017,194.25,
1,04-10-2017,194.6,
1,05-10-2017,194.95,
1,06-10-2017,192.02,
1,07-10-2017,191.66,
1,08-10-2017,192.6,
1,09-10-2017,188.05,
1,10-10-2017,189.7966667,
1,11-10-2017,191.5433333,
1,12-10-2017,193.29,
1,13-10-2017,191.13,
1,14-10-2017,189.07,
1,15-10-2017,191.08,
1,16-10-2017,193.02,
1,17-10-2017,191.96,
1,18-10-2017,190.9,
1,19-10-2017,189.84,
1,20-10-2017,190.79,
1,21-10-2017,188.4,
1,22-10-2017,187.29,
1,23-10-2017,182.82,
1,24-10-2017,185.6633333,
1,25-10-2017,188.5066667,
1,26-10-2017,191.35,
1,27-10-2017,188.71,
1,28-10-2017,189.25,
1,29-10-2017,188.6,
1,30-10-2017,183.22,
1,31-10-2017,183.9114286,
1,01-11-2017,184.6028571,
1,02-11-2017,185.2942857,
1,03-11-2017,185.9857143,
1,04-11-2017,186.6771429,
1,05-11-2017,187.3685714,
1,06-11-2017,188.06,
1,07-11-2017,186.29,
1,08-11-2017,186.56,
1,09-11-2017,183.78,
1,10-11-2017,184.595,
1,11-11-2017,185.41,
1,12-11-2017,186.225,
1,13-11-2017,187.04,
1,14-11-2017,185.63,
1,15-11-2017,184.32,
1,16-11-2017,180.97,
1,17-11-2017,182.54,
1,18-11-2017,184.11,
1,19-11-2017,185.68,
1,20-11-2017,187.25,
1,21-11-2017,182.8,
1,22-11-2017,182.97,
1,23-11-2017,179.02,
1,24-11-2017,180.055,
1,25-11-2017,181.09,
1,26-11-2017,182.125,
1,27-11-2017,183.16,
1,28-11-2017,181.32,
1,29-11-2017,184.18,
1,30-11-2017,181.69,
1,01-12-2017,182.19,
1,02-12-2017,182.94,
1,03-12-2017,183.66,
1,04-12-2017,178.87,
1,05-12-2017,179.3028571,
1,06-12-2017,179.7357143,
1,07-12-2017,180.1685714,
1,08-12-2017,180.6014286,
1,09-12-2017,181.0342857,
1,10-12-2017,181.4671429,
1,11-12-2017,181.9,
1,12-12-2017,179.97,
1,13-12-2017,179.08,
1,14-12-2017,175.07,
1,15-12-2017,177.6325,
1,16-12-2017,180.195,
1,17-12-2017,182.7575,
1,18-12-2017,185.32,
1,19-12-2017,182.87,
1,20-12-2017,186.74,
1,21-12-2017,185.47,
1,22-12-2017,184.9385714,
1,23-12-2017,184.4071429,
1,24-12-2017,183.8757143,
1,25-12-2017,183.3442857,
1,26-12-2017,182.8128571,
1,27-12-2017,182.2814286,
1,28-12-2017,181.75,
1,29-12-2017,179.07,
1,30-12-2017,177,
1,31-12-2017,175.53,
1,01-01-2018,174.66,
1,02-01-2018,176.52,
1,03-01-2018,177.28,
1,04-01-2018,177.76,
1,05-01-2018,177.6325,
1,06-01-2018,177.505,
1,07-01-2018,177.3775,
1,08-01-2018,177.25,
1,09-01-2018,175.53,
1,10-01-2018,176.8,
1,11-01-2018,171.62,
1,12-01-2018,173.1,
1,13-01-2018,174.58,
1,14-01-2018,176.06,
1,15-01-2018,177.54,
1,16-01-2018,174.2,
1,17-01-2018,178.03,
1,18-01-2018,172.24,
1,19-01-2018,173.925,
1,20-01-2018,175.61,
1,21-01-2018,177.295,
1,22-01-2018,178.98,
1,23-01-2018,175.7,
1,24-01-2018,174.55,
1,25-01-2018,169.13,
1,26-01-2018,174.215,
1,27-01-2018,179.3,
1,28-01-2018,177.27,
1,29-01-2018,175.92,
1,30-01-2018,176.6433333,
1,31-01-2018,177.3666667,
1,01-02-2018,178.09,
1,02-02-2018,178.43,
1,03-02-2018,177.61,
1,04-02-2018,175.82,
1,05-02-2018,171.32,
1,06-02-2018,173.59,
1,07-02-2018,175.86,
1,08-02-2018,178.13,
1,09-02-2018,174.76,
1,10-02-2018,173.84,
1,11-02-2018,176.78,
1,12-02-2018,174.08,
1,13-02-2018,178.95,
1,14-02-2018,183.82,
1,15-02-2018,188.69,
1,16-02-2018,182.88,
1,17-02-2018,184.03,
1,18-02-2018,185.67,
1,19-02-2018,180.57,
1,20-02-2018,180.9966667,
1,21-02-2018,181.4233333,
1,22-02-2018,181.85,
1,23-02-2018,184.25,
1,24-02-2018,186.86,
1,25-02-2018,183.14,
1,26-02-2018,178.19,
1,27-02-2018,181.34,
1,28-02-2018,184.49,
1,01-03-2018,187.64,
1,02-03-2018,184.24,
1,03-03-2018,182.02,
1,04-03-2018,177.83,
1,05-03-2018,173.64,
1,06-03-2018,177.8833333,
1,07-03-2018,182.1266667,
1,08-03-2018,186.37,
1,09-03-2018,182.83,
1,10-03-2018,184.76,
1,11-03-2018,186.57,
1,12-03-2018,183.92,
1,13-03-2018,183.3066667,
1,14-03-2018,182.6933333,
1,15-03-2018,182.08,
1,16-03-2018,180.49,
1,17-03-2018,182.04,
1,18-03-2018,181.81,
1,19-03-2018,180.55,
1,20-03-2018,181.2666667,
1,21-03-2018,181.9833333,
1,22-03-2018,182.7,
1,23-03-2018,180.19,
1,24-03-2018,182.5,
1,25-03-2018,185,
1,26-03-2018,179.01,
1,27-03-2018,179.87,
1,28-03-2018,180.73,
1,29-03-2018,181.59,
1,30-03-2018,182.45,
1,31-03-2018,183.31,
1,01-04-2018,184.17,
1,02-04-2018,185.03,
1,03-04-2018,182.84,
1,04-04-2018,184.62,
1,05-04-2018,182.44,
1,06-04-2018,183.6375,
1,07-04-2018,184.835,
1,08-04-2018,186.0325,
1,09-04-2018,187.23,
1,10-04-2018,184.67,
1,11-04-2018,185.3,
1,12-04-2018,184.79,
1,13-04-2018,185.89,
1,14-04-2018,186.99,
1,15-04-2018,188.09,
1,16-04-2018,189.19,
1,17-04-2018,189.39,
1,18-04-2018,185.08,
1,19-04-2018,182.5,
1,20-04-2018,181.33,
1,21-04-2018,183.13,
1,22-04-2018,188.29,
1,23-04-2018,184.33,
1,24-04-2018,186.0333333,
1,25-04-2018,187.7366667,
1,26-04-2018,189.44,
1,27-04-2018,187.6,
1,28-04-2018,191.27,
1,29-04-2018,191.63,
1,30-04-2018,187.05,
1,01-05-2018,188.7866667,
1,02-05-2018,190.5233333,
1,03-05-2018,192.26,
1,04-05-2018,189.18,
1,05-05-2018,187.19,
1,06-05-2018,186.91,
1,07-05-2018,185.11,
1,08-05-2018,187.9066667,
1,09-05-2018,190.7033333,
1,10-05-2018,193.5,
1,11-05-2018,189.57,
1,12-05-2018,191.73,
1,13-05-2018,194.79,
1,14-05-2018,186.56,
1,15-05-2018,187.7571429,
1,16-05-2018,188.9542857,
1,17-05-2018,190.1514286,
1,18-05-2018,191.3485714,
1,19-05-2018,192.5457143,
1,20-05-2018,193.7428571,
1,21-05-2018,194.94,
1,22-05-2018,192.3,
1,23-05-2018,190.66,
1,24-05-2018,186.86,
1,25-05-2018,188.9575,
1,26-05-2018,191.055,
1,27-05-2018,193.1525,
1,28-05-2018,195.25,
1,29-05-2018,195.26,
1,30-05-2018,195.07,
1,31-05-2018,186.97,
1,01-06-2018,191.15,
1,02-06-2018,195.33,
1,03-06-2018,189.65,
1,04-06-2018,198.41,
1,05-06-2018,190.26,
1,06-06-2018,193.965,
1,07-06-2018,197.67,
1,08-06-2018,191.03,
1,09-06-2018,191.36,
1,10-06-2018,193.28,
1,11-06-2018,186.77,
1,12-06-2018,190.27,
1,13-06-2018,193.77,
1,14-06-2018,189.47,
1,15-06-2018,189.36,
1,16-06-2018,189.66,
1,17-06-2018,189.21,
1,18-06-2018,184.54,
1,19-06-2018,187.66,
1,20-06-2018,190.78,
1,21-06-2018,193.9,
1,22-06-2018,189.96,
1,23-06-2018,189.43,
1,24-06-2018,189.52,
1,25-06-2018,185.02,
1,26-06-2018,188.3466667,
1,27-06-2018,191.6733333,
1,28-06-2018,195,
1,29-06-2018,192.76,
1,30-06-2018,194.28,
1,01-07-2018,196.47,
1,02-07-2018,192.5,
1,03-07-2018,194.48,
1,04-07-2018,196.46,
1,05-07-2018,198.44,
1,06-07-2018,197.1,
1,07-07-2018,196.69,
1,08-07-2018,196.06,
1,09-07-2018,188.76,
1,10-07-2018,193.9066667,
1,11-07-2018,199.0533333,
1,12-07-2018,204.2,
1,13-07-2018,193.35,
1,14-07-2018,192.93,
1,15-07-2018,191.33,
1,16-07-2018,191.56,
1,17-07-2018,191.76,
1,18-07-2018,190.11,
1,19-07-2018,187.73,
1,20-07-2018,190.134,
1,21-07-2018,192.538,
1,22-07-2018,194.942,
1,23-07-2018,197.346,
1,24-07-2018,199.75,
1,25-07-2018,197.3,
1,26-07-2018,192.81,
1,27-07-2018,193.2725,
1,28-07-2018,193.735,
1,29-07-2018,194.1975,
1,30-07-2018,194.66,
1,31-07-2018,191.97,
1,01-08-2018,189.84,
1,02-08-2018,188.23,
1,03-08-2018,189.435,
1,04-08-2018,190.64,
1,05-08-2018,191.845,
1,06-08-2018,193.05,
1,07-08-2018,192.31,
1,08-08-2018,194.61,
1,09-08-2018,193.59,
1,10-08-2018,193.1375,
1,11-08-2018,192.685,
1,12-08-2018,192.2325,
1,13-08-2018,191.78,
1,14-08-2018,190.37,
1,15-08-2018,190.37,
1,16-08-2018,191.07,
1,17-08-2018,190.6966667,
1,18-08-2018,190.3233333,
1,19-08-2018,189.95,
1,20-08-2018,191.7,
1,21-08-2018,190.53,
1,22-08-2018,191.54,
1,23-08-2018,192.89,
1,24-08-2018,193.065,
1,25-08-2018,193.24,
1,26-08-2018,193.415,
1,27-08-2018,193.59,
1,28-08-2018,191.84,
1,29-08-2018,192.46,
1,30-08-2018,184.81,
1,31-08-2018,186.5485714,
1,01-09-2018,188.2871429,
1,02-09-2018,190.0257143,
1,03-09-2018,191.7642857,
1,04-09-2018,193.5028571,
1,05-09-2018,195.2414286,
1,06-09-2018,196.98,
1,07-09-2018,191.69,
1,08-09-2018,194.55,
1,09-09-2018,195.66,
1,10-09-2018,191.82,
1,11-09-2018,197.31,
1,12-09-2018,197.006,
1,13-09-2018,196.702,
1,14-09-2018,196.398,
1,15-09-2018,196.094,
1,16-09-2018,195.79,
1,17-09-2018,192.51,
1,18-09-2018,192.48,
1,19-09-2018,192.71,
1,20-09-2018,189.67,
1,21-09-2018,190.04,
1,22-09-2018,190.41,
1,23-09-2018,190.78,
1,24-09-2018,191.15,
1,25-09-2018,191.52,
1,26-09-2018,187.36,
1,27-09-2018,180.27,
1,28-09-2018,182.5375,
1,29-09-2018,184.805,
1,30-09-2018,187.0725,
1,01-10-2018,189.34,
1,02-10-2018,189.38,
1,03-10-2018,188.42,
1,04-10-2018,179.25,
1,05-10-2018,181.37,
1,06-10-2018,183.49,
1,07-10-2018,185.61,
1,08-10-2018,187.73,
1,09-10-2018,186.54,
1,10-10-2018,189.59,
1,11-10-2018,186.44,
1,12-10-2018,186.3525,
1,13-10-2018,186.265,
1,14-10-2018,186.1775,
1,15-10-2018,186.09,
1,16-10-2018,184.59,
1,17-10-2018,184.52,
1,18-10-2018,185.47,
1,19-10-2018,185.915,
1,20-10-2018,186.36,
1,21-10-2018,186.805,
1,22-10-2018,187.25,
1,23-10-2018,184.61,
1,24-10-2018,184.7,
1,25-10-2018,181.67,
1,26-10-2018,182.7275,
1,27-10-2018,183.785,
1,28-10-2018,184.8425,
1,29-10-2018,185.9,
1,30-10-2018,184.58,
1,31-10-2018,182.43,
1,01-11-2018,177.41,
1,02-11-2018,181.19,
1,03-11-2018,184.97,
1,04-11-2018,188.75,
1,05-11-2018,192.53,
1,06-11-2018,189.87,
1,07-11-2018,183.21,
1,08-11-2018,184.08,
1,09-11-2018,181.55,
1,10-11-2018,181.95,
1,11-11-2018,182.89,
1,12-11-2018,180.72,
1,13-11-2018,182.8433333,
1,14-11-2018,184.9666667,
1,15-11-2018,187.09,
1,16-11-2018,183.63,
1,17-11-2018,183.28,
1,18-11-2018,182.27,
1,19-11-2018,180.07,
1,20-11-2018,180.18,
1,21-11-2018,180.29,
1,22-11-2018,180.4,
1,23-11-2018,177.97,
1,24-11-2018,180.07,
1,25-11-2018,183.42,
1,26-11-2018,176.68,
1,27-11-2018,177.2266667,
1,28-11-2018,177.7733333,
1,29-11-2018,178.32,
1,30-11-2018,177.6,
1,01-12-2018,178.58,
1,02-12-2018,177.6,
1,03-12-2018,177.28,
1,04-12-2018,174.28,
1,05-12-2018,177.545,
1,06-12-2018,180.81,
1,07-12-2018,178.46,
1,08-12-2018,180.06,
1,09-12-2018,178.28,
1,10-12-2018,176.15,
1,11-12-2018,176.6528571,
1,12-12-2018,177.1557143,
1,13-12-2018,177.6585714,
1,14-12-2018,178.1614286,
1,15-12-2018,178.6642857,
1,16-12-2018,179.1671429,
1,17-12-2018,179.67,
1,18-12-2018,175.87,
1,19-12-2018,174.77,
1,20-12-2018,173.48,
1,21-12-2018,174.0075,
1,22-12-2018,174.535,
1,23-12-2018,175.0625,
1,24-12-2018,175.59,
1,25-12-2018,173.75,
1,26-12-2018,173.83,
1,27-12-2018,167.85,
1,28-12-2018,170.7425,
1,29-12-2018,173.635,
1,30-12-2018,176.5275,
1,31-12-2018,179.42,
1,01-01-2019,175.23,
1,02-01-2019,176.39,
1,03-01-2019,170.86,
1,04-01-2019,171.7585714,
1,05-01-2019,172.6571429,
1,06-01-2019,173.5557143,
1,07-01-2019,174.4542857,
1,08-01-2019,175.3528571,
1,09-01-2019,176.2514286,
1,10-01-2019,177.15,
1,11-01-2019,174.85,
1,12-01-2019,175.57,
1,13-01-2019,174.15,
1,14-01-2019,172.79,
1,15-01-2019,175.34,
1,16-01-2019,177.89,
1,17-01-2019,180.44,
1,18-01-2019,174.48,
1,19-01-2019,173.17,
1,20-01-2019,171.98,
1,21-01-2019,173.09,
1,22-01-2019,173.05,
1,23-01-2019,173.01,
1,24-01-2019,172.97,
1,25-01-2019,174.4,
1,26-01-2019,175.63,
1,27-01-2019,177.3,
1,28-01-2019,172.13,
1,29-01-2019,174.0066667,
1,30-01-2019,175.8833333,
1,31-01-2019,177.76,
1,01-02-2019,174.45,
1,02-02-2019,175.49,
1,03-02-2019,175.02,
1,04-02-2019,172.71,
1,05-02-2019,173.41,
1,06-02-2019,174.11,
1,07-02-2019,174.81,
1,08-02-2019,171.18,
1,09-02-2019,174.1,
1,10-02-2019,175.34,
1,11-02-2019,174.71,
1,12-02-2019,174.8766667,
1,13-02-2019,175.0433333,
1,14-02-2019,175.21,
1,15-02-2019,174.34,
1,16-02-2019,178.46,
1,17-02-2019,175.31,
1,18-02-2019,171.76,
1,19-02-2019,172.5666667,
1,20-02-2019,173.3733333,
1,21-02-2019,174.18,
1,22-02-2019,171.83,
1,23-02-2019,173.9,
1,24-02-2019,177.39,
1,25-02-2019,173.21,
1,26-02-2019,175.9233333,
1,27-02-2019,178.6366667,
1,28-02-2019,181.35,
1,01-03-2019,178.36,176.1563301
1,02-03-2019,169.42,173.1519127
1,03-03-2019,169.4,173.1950264
1,04-03-2019,169.92,172.1819924
1,05-03-2019,171.88,171.1258349
1,06-03-2019,173.84,174.2775021
1,07-03-2019,175.8,176.1422535
1,08-03-2019,172.65,176.78412
1,09-03-2019,171.05,174.9376318
1,10-03-2019,172.08,177.6316013
1,11-03-2019,165.72,180.2571301
1,12-03-2019,170.07,180.6465475
1,13-03-2019,174.42,182.037641
1,14-03-2019,178.77,179.9126708
1,15-03-2019,175.54,178.8406553
1,16-03-2019,178.73,178.1135203
1,17-03-2019,179.99,176.7087016
1,18-03-2019,175.37,174.3986507
1,19-03-2019,176.29,171.5709457
1,20-03-2019,177.21,181.554708
1,21-03-2019,178.13,176.7922619
1,22-03-2019,178.61,177.593286
1,23-03-2019,180.93,175.45411
1,24-03-2019,183.36,177.2009893
1,25-03-2019,178.1,179.0408791
1,26-03-2019,176.9733333,176.6299327
1,27-03-2019,175.8466667,177.6327892
1,28-03-2019,174.72,178.3514418
1,29-03-2019,177.46,179.6550504
1,30-03-2019,177.92,179.9459365
1,31-03-2019,183.65,181.357031
1,01-04-2019,181.08,182.7626059
1,02-04-2019,184.4533333,184.1655509
1,03-04-2019,187.8266667,184.0371172
1,04-04-2019,191.2,181.6154787
1,05-04-2019,185.84,179.7894895
1,06-04-2019,186.54,179.0375368
1,07-04-2019,187.69,181.3602258
1,08-04-2019,184.14,183.6774215
1,09-04-2019,183.5333333,185.9909948
1,10-04-2019,182.9266667,186.4192957
1,11-04-2019,182.32,185.5602241
1,12-04-2019,181.48,186.0411023
1,13-04-2019,179.33,184.8678107
1,14-04-2019,179.32,185.52882
1,15-04-2019,174.27,186.1855866
1,16-04-2019,178.87,186.843752
1,17-04-2019,183.47,187.0552188
1,18-04-2019,188.07,184.0602291
1,19-04-2019,186.11,183.1611939
1,20-04-2019,186.95,182.2238604
1,21-04-2019,186.72,183.9385353
1,22-04-2019,189.11,187.3281942
1,23-04-2019,181.64,186.1546392
1,24-04-2019,179.59,187.8092069
1,25-04-2019,177.54,187.9490538
1,26-04-2019,177.63,187.8509966
1,27-04-2019,180.01,183.6378102
1,28-04-2019,180.85,181.2886888
1,29-04-2019,177.73,184.2713596
1,30-04-2019,179.9428571,184.7808947
1,01-05-2019,182.1557143,188.4424392
1,02-05-2019,184.3685714,189.9138132
1,03-05-2019,186.5814286,191.432313
1,04-05-2019,188.7942857,185.4025804
1,05-05-2019,191.0071429,186.1604777
1,06-05-2019,193.22,187.7685321
1,07-05-2019,187.5,188.6117702
1,08-05-2019,188.78,191.7573723
1,09-05-2019,181.42,191.5466367
1,10-05-2019,183.4275,191.6545662
1,11-05-2019,185.435,187.4833288
1,12-05-2019,187.4425,189.29219
1,13-05-2019,189.45,191.5504302
1,14-05-2019,187.67,188.1673291
1,15-05-2019,189.6,189.4955954
1,16-05-2019,184.73,189.0186273
1,17-05-2019,184.6825,189.4265789
1,18-05-2019,184.635,189.1393203
1,19-05-2019,184.5875,190.8693464
1,20-05-2019,184.54,193.0275761
1,21-05-2019,186.5633333,192.755654
1,22-05-2019,188.5866667,192.5768577
1,23-05-2019,190.61,190.4065252
1,24-05-2019,188.21,187.7509976
1,25-05-2019,188.99,188.7518725
1,26-05-2019,189.81,190.4047847
1,27-05-2019,191.6,192.0542826
1,28-05-2019,187.8,193.7141987
1,29-05-2019,192.55,194.3308113
1,30-05-2019,197.3,194.0951916
1,31-05-2019,191.47,187.787537
1,01-06-2019,191.43,189.2372628
1,02-06-2019,191.19,191.5261444
1,03-06-2019,189.05,188.8872173
1,04-06-2019,192.45,193.469544
1,05-06-2019,194.16,189.5942551
1,06-06-2019,193.78,192.66743
1,07-06-2019,193.57,196.7465755
1,08-06-2019,194.38,189.2768898
1,09-06-2019,191.9,190.0692181
1,10-06-2019,185.62,191.6594465
1,11-06-2019,190.46,189.03806
1,12-06-2019,192.385,191.4214575
1,13-06-2019,194.31,191.6076572
1,14-06-2019,193.56,189.5368388
1,15-06-2019,194.55,188.819733
1,16-06-2019,194.22,189.4528479
1,17-06-2019,189.27,189.7136877
1,18-06-2019,191.1,187.8672566
1,19-06-2019,192.93,189.9244529
1,20-06-2019,194.76,190.4872153
1,21-06-2019,193.53,192.0169654
1,22-06-2019,195.38,186.9441756
1,23-06-2019,197.27,187.6398612
1,24-06-2019,193.02,188.6440252
1,25-06-2019,171.34,187.3516709
1,26-06-2019,184.695,189.9743774
1,27-06-2019,198.05,192.5961842
1,28-06-2019,197.94,195.2253954
1,29-06-2019,198.19,195.066526
1,30-06-2019,196.7,194.7999686
1,01-07-2019,190.45,195.2615611
1,02-07-2019,193.32,193.3271277
1,03-07-2019,196.19,191.1071945
1,04-07-2019,199.06,194.7581745
1,05-07-2019,193.18,198.4177273
1,06-07-2019,193.1,200.4166648
1,07-07-2019,193.83,198.0691567
1,08-07-2019,192.86,198.0602047
1,09-07-2019,192.12,193.8698105
1,10-07-2019,195.48,194.581309
1,11-07-2019,198.84,197.7775201
1,12-07-2019,193.75,200.9742079
1,13-07-2019,194.82,196.1685864
1,14-07-2019,194.07,194.1106433
1,15-07-2019,191.1,194.0866446
1,16-07-2019,194.2266667,195.1565093
1,17-07-2019,197.3533333,193.5748825
1,18-07-2019,200.48,193.8234959
1,19-07-2019,194.3,193.7088391
1,20-07-2019,195.57,195.9863925
1,21-07-2019,195.71,195.3446938
1,22-07-2019,189.64,196.1819127
1,23-07-2019,192.9333333,197.2998994
1,24-07-2019,196.2266667,195.7802302
1,25-07-2019,199.52,195.7341045
1,26-07-2019,197.37,194.6664409
1,27-07-2019,197.81,196.0656272
1,28-07-2019,199.8,195.7400783
1,29-07-2019,198.56,195.7391923
1,30-07-2019,201.33,194.5775932
1,31-07-2019,201.22,191.85531
1,01-08-2019,195.24,192.7631002
1,02-08-2019,195.22,193.9292978
1,03-08-2019,196.9,196.5085083
1,04-08-2019,189.6,194.2800815
1,05-08-2019,191.2175,193.921164
1,06-08-2019,192.835,195.0729482
1,07-08-2019,194.4525,194.0550989
1,08-08-2019,196.07,195.8343905
1,09-08-2019,195.56,195.9558234
1,10-08-2019,197.1,196.3690794
1,11-08-2019,194.6,195.4787105
1,12-08-2019,194.41,195.5053744
1,13-08-2019,195.06,194.2569209
1,14-08-2019,197.4,191.4016191
1,15-08-2019,191.96,192.4096332
1,16-08-2019,193.8525,193.7636176
1,17-08-2019,195.745,194.5785178
1,18-08-2019,197.6375,193.7104161
1,19-08-2019,199.53,193.0543051
1,20-08-2019,196.88,196.2673994
1,21-08-2019,196.02,197.4920647
1,22-08-2019,189.9,196.6399679
1,23-08-2019,191.7475,195.9574185
1,24-08-2019,193.595,194.6912272
1,25-08-2019,195.4425,194.1194606
1,26-08-2019,197.29,194.5426142
1,27-08-2019,195.45,195.101195
1,28-08-2019,197.67,192.1732603
1,29-08-2019,190.76,193.9488103
1,30-08-2019,192.662,191.5883658
1,31-08-2019,194.564,189.9927362
1,01-09-2019,196.466,190.9024421
1,02-09-2019,198.368,192.8174665
1,03-09-2019,200.27,193.1305084
1,04-09-2019,196.29,191.3065679
1,05-09-2019,195.1,193.6707592
1,06-09-2019,195.46,196.0279021
1,07-09-2019,197.33,194.8603822
1,08-09-2019,195.51,195.5453165
1,09-09-2019,190.9,196.1968614
1,10-09-2019,192.68,192.6451813
1,11-09-2019,194.46,194.4663861
1,12-09-2019,196.24,195.6306858
1,13-09-2019,192.97,196.7904538
1,14-09-2019,193.33,197.9485806
1,15-09-2019,192.95,199.2986918
1,16-09-2019,190.37,195.365331
1,17-09-2019,192.61,192.9579365
1,18-09-2019,194.85,191.5709194
1,19-09-2019,197.09,193.0664875
1,20-09-2019,192.48,192.9117437
1,21-09-2019,191.88,192.3244208
1,22-09-2019,193.48,192.7378225
1,23-09-2019,188.12,193.7994011
1,24-09-2019,189.8866667,193.3938962
1,25-09-2019,191.6533333,190.9829381
1,26-09-2019,193.42,190.1888099
1,27-09-2019,192.79,187.9290505
1,28-09-2019,192.25,190.3489852
1,29-09-2019,192.56,189.2254303
1,30-09-2019,189.01,190.5281554
1,01-10-2019,190.4933333,192.8421603
1,02-10-2019,191.9766667,191.5186952
1,03-10-2019,193.46,191.2306881
1,04-10-2019,191.95,186.8259816
1,05-10-2019,191.59,188.0670278
1,06-10-2019,192.07,187.6625288
1,07-10-2019,189.4,188.5459331
1,08-10-2019,190.2966667,190.0822409
1,09-10-2019,191.1933333,187.2214521
1,10-10-2019,192.09,189.6370475
1,11-10-2019,189.62,188.9484367
1,12-10-2019,190.53,189.7936508
1,13-10-2019,190.61,188.6791611
1,14-10-2019,187.63,187.6133387
1,15-10-2019,188.94,188.5811836
1,16-10-2019,190.25,188.8064459
1,17-10-2019,191.56,188.2466084
1,18-10-2019,189.33,188.2002499
1,19-10-2019,187.52,187.9058842
1,20-10-2019,189.15,188.6170523
1,21-10-2019,189.01,187.6578844
1,22-10-2019,186.99,187.3337778
1,23-10-2019,187.89,183.7947256
1,24-10-2019,183.87,185.2771366
1,25-10-2019,185.6775,185.1951866
1,26-10-2019,187.485,187.1519542
1,27-10-2019,189.2925,186.3604522
1,28-10-2019,191.1,187.1423745
1,29-10-2019,187.83,187.3364016
1,30-10-2019,188.75,183.9905506
1,31-10-2019,182.66,183.2706328
1,01-11-2019,183.7625,181.1149248
1,02-11-2019,184.865,183.3585363
1,03-11-2019,185.9675,185.5939969
1,04-11-2019,187.07,187.8369298
1,05-11-2019,184.57,190.0849927
1,06-11-2019,185.82,189.1202677
1,07-11-2019,184.33,184.9257438
1,08-11-2019,184.83,185.5079229
1,09-11-2019,184.45,182.8576817
1,10-11-2019,180.62,183.4692281
1,11-11-2019,176.24,184.3497606
1,12-11-2019,178.9766667,183.6730464
1,13-11-2019,181.7133333,185.1562179
1,14-11-2019,184.45,185.5271946
1,15-11-2019,180.63,185.9435449
1,16-11-2019,182.1,182.5460405
1,17-11-2019,181.95,183.1594441
1,18-11-2019,178.9,183.4442761
1,19-11-2019,179.24,183.136701
1,20-11-2019,179.58,183.9800475
1,21-11-2019,179.92,181.8200788
1,22-11-2019,178.05,181.9686169
1,23-11-2019,180.63,178.7902508
1,24-11-2019,179.7,180.3663469
1,25-11-2019,180.73,182.5661964
1,26-11-2019,181.52,179.7197992
1,27-11-2019,181.53,180.5154887
1,28-11-2019,181.69,179.8752912
1,29-11-2019,180.68,181.5849292
1,30-11-2019,181.57,179.9910968
1,01-12-2019,181.22,180.7347438
1,02-12-2019,180.69,180.6181716
1,03-12-2019,180.09,180.8248869
1,04-12-2019,179.78,176.9251091
1,05-12-2019,177.58,178.780931
1,06-12-2019,179.2575,180.6349926
1,07-12-2019,180.935,179.682561
1,08-12-2019,182.6125,180.702828
1,09-12-2019,184.29,180.0343381
1,10-12-2019,181.77,179.1899133
1,11-12-2019,181.85,179.6725299
1,12-12-2019,180.93,178.9706186
1,13-12-2019,181.5475,178.7795977
1,14-12-2019,182.165,177.034659
1,15-12-2019,182.7825,178.574299
1,16-12-2019,183.4,180.1148363
1,17-12-2019,182.16,181.6572981
1,18-12-2019,181.95,181.0560368
1,19-12-2019,178.67,179.2955598
1,20-12-2019,178.7925,180.5930279
1,21-12-2019,178.915,180.2248214
1,22-12-2019,179.0375,180.2227361
1,23-12-2019,179.16,180.2239523
1,24-12-2019,177.01,180.2276204
1,25-12-2019,176.8,179.0562782
1,26-12-2019,173.21,178.8429543
1,27-12-2019,175.35,175.5976486
1,28-12-2019,177.49,176.7866112
1,29-12-2019,179.63,176.9069319
1,30-12-2019,181.77,177.327321
1,31-12-2019,176.95,178.0429567
1,01-01-2020,176.81,175.5229178
1,02-01-2020,173.68,177.0313583
1,03-01-2020,175.08,174.6493604
1,04-01-2020,176.48,175.3462098
1,05-01-2020,177.88,175.7484189
1,06-01-2020,179.28,176.1452854
1,07-01-2020,178.52,176.5438231
1,08-01-2020,175.33,176.950854
1,09-01-2020,174.88,176.5494614
1,10-01-2020,175.0675,177.6377126
1,11-01-2020,175.255,173.8963219
1,12-01-2020,175.4425,175.0114883
1,13-01-2020,175.63,175.0521615
1,14-01-2020,174.89,175.1271361
1,15-01-2020,174.31,177.1593847
1,16-01-2020,172.38,176.7767291
1,17-01-2020,174.145,179.9842744
1,18-01-2020,175.91,174.1330207
1,19-01-2020,177.675,174.3439144
1,20-01-2020,179.44,174.6064465
1,21-01-2020,178.23,176.014658
1,22-01-2020,176.23,176.8443161
1,23-01-2020,,175.1806878
1,24-01-2020,,174.5886213
1,25-01-2020,,172.6059108
1,26-01-2020,,175.7782723
1,27-01-2020,,179.168466
1,28-01-2020,,175.5798686
1,29-01-2020,,175.8501216
1,30-01-2020,,177.1569317
1,31-01-2020,,178.4720477
1,01-02-2020,,177.201424
1,02-02-2020,,177.9178711
1,03-02-2020,,177.2898866
1,04-02-2020,,175.252594
1,05-02-2020,,173.3651301
1,06-02-2020,,174.8618991
1,07-02-2020,,176.3572297
1,08-02-2020,,175.6906699
1,09-02-2020,,175.4814423
1,10-02-2020,,175.6559989
1,11-02-2020,,176.8268603
1,12-02-2020,,175.5738531
1,13-02-2020,,180.8593872
1,14-02-2020,,181.6258911
1,15-02-2020,,182.0946689
1,16-02-2020,,181.3789232
1,17-02-2020,,180.1614247
1,18-02-2020,,178.9733905
1,19-02-2020,,176.9935603
1,20-02-2020,,176.8603085
1,21-02-2020,,177.4478108
1,22-02-2020,,176.9760346
1,23-02-2020,,178.2160529
1,24-02-2020,,180.1863634
1,25-02-2020,,177.4904594
1,26-02-2020,,176.6830226
1,27-02-2020,,178.5734305
1,28-02-2020,,181.2009526
1,29-02-2020,,
1,01-03-2020,,181.5282597
1,02-03-2020,,178.5183626
1,03-03-2020,,178.2537073
1,04-03-2020,,177.0045333
1,05-03-2020,,175.7514298
1,06-03-2020,,178.7051867
1,07-03-2020,,180.3781214
1,08-03-2020,,180.8377338
1,09-03-2020,,178.8169855
1,10-03-2020,,181.3440282
1,11-03-2020,,183.8098107
1,12-03-2020,,184.0463741
1,13-03-2020,,185.2911885
1,14-03-2020,,183.0262311
1,15-03-2020,,181.8202517
1,16-03-2020,,180.9649171
1,17-03-2020,,179.4374144
1,18-03-2020,,177.0099583
1,19-03-2020,,174.0698995
1,20-03-2020,,183.9461421
1,21-03-2020,,179.0808024
1,22-03-2020,,179.78336
1,23-03-2020,,177.5499541
1,24-03-2020,,179.2066579
1,25-03-2020,,180.960252
1,26-03-2020,,178.4667229
1,27-03-2020,,179.3905499
1,28-03-2020,,180.0335732
1,29-03-2020,,181.2648066
1,30-03-2020,,181.4864316
1,31-03-2020,,182.8312449
1,01-04-2020,,184.1733904
1,02-04-2020,,185.5156352
1,03-04-2020,,185.3291129
1,04-04-2020,,182.8518851
1,05-04-2020,,180.9726985
1,06-04-2020,,180.1698371
1,07-04-2020,,182.443808
1,08-04-2020,,184.7143815
1,09-04-2020,,186.9833387
1,10-04-2020,,187.3689431
1,11-04-2020,,186.4690121
1,12-04-2020,,186.9107889
1,13-04-2020,,185.7000782
1,14-04-2020,,186.3252785
1,15-04-2020,,186.9477768
1,16-04-2020,,187.5731483
1,17-04-2020,,187.7532322
1,18-04-2020,,184.7282099
1,19-04-2020,,183.8004341
1,20-04-2020,,182.8355968
1,21-04-2020,,184.5239512
1,22-04-2020,,187.888422
1,23-04-2020,,186.6907627
1,24-04-2020,,188.3222632
1,25-04-2020,,188.4400355
1,26-04-2020,,188.3208533
1,27-04-2020,,184.0874509
1,28-04-2020,,181.7189834
1,29-04-2020,,184.6831403
1,30-04-2020,,185.1749582
1,01-05-2020,,188.8195478
1,02-05-2020,,190.2746963
1,03-05-2020,,191.7776688
1,04-05-2020,,185.733077
1,05-05-2020,,186.4767543
1,06-05-2020,,188.0712007
1,07-05-2020,,188.9014162
1,08-05-2020,,192.034556
1,09-05-2020,,191.8118944
1,10-05-2020,,191.9084109
1,11-05-2020,,187.7262516
1,12-05-2020,,189.5246608
1,13-05-2020,,191.7728988
1,14-05-2020,,188.3802258
1,15-05-2020,,189.699332
1,16-05-2020,,189.213598
1,17-05-2020,,189.6131608
1,18-05-2020,,189.3178743
1,19-05-2020,,191.040218
1,20-05-2020,,193.1910958
1,21-05-2020,,192.9121381
1,22-05-2020,,192.726609
1,23-05-2020,,190.5498332
1,24-05-2020,,187.8881397
1,25-05-2020,,188.8831139
1,26-05-2020,,190.5303793
1,27-05-2020,,192.1744734
1,28-05-2020,,193.8292183
1,29-05-2020,,194.440882
1,30-05-2020,,194.2005264
1,31-05-2020,,187.8883397
1,01-06-2020,,189.3337283
1,02-06-2020,,191.6184595
1,03-06-2020,,188.9755604
1,04-06-2020,,193.5540861
1,05-06-2020,,189.6751597
1,06-06-2020,,192.7448536
1,07-06-2020,,196.8206679
1,08-06-2020,,189.3477943
1,09-06-2020,,190.1370719
1,10-06-2020,,191.7243808
1,11-06-2020,,189.1002005
1,12-06-2020,,191.4809242
1,13-06-2020,,191.6645653
1,14-06-2020,,189.5912984
1,15-06-2020,,188.8718495
1,16-06-2020,,189.502722
1,17-06-2020,,189.7614159
1,18-06-2020,,187.9129313
1,19-06-2020,,189.9681624
1,20-06-2020,,190.5290442
1,21-06-2020,,192.0569945
1,22-06-2020,,186.9824825
1,23-06-2020,,187.6765198
1,24-06-2020,,188.6791066
1,25-06-2020,,187.3852428
1,26-06-2020,,190.0065049
1,27-06-2020,,192.6269294
1,28-06-2020,,195.2548178
1,29-06-2020,,195.0946825
1,30-06-2020,,194.8269136
1,01-07-2020,,195.2873467
1,02-07-2020,,193.3518039
1,03-07-2020,,191.130809
1,04-07-2020,,194.780773
1,05-07-2020,,198.4393534
1,06-07-2020,,200.4373604
1,07-07-2020,,198.0889619
1,08-07-2020,,198.0791578
1,09-07-2020,,193.8879481
1,10-07-2020,,194.5986662
1,11-07-2020,,197.7941305
1,12-07-2020,,200.9901036
1,13-07-2020,,196.1837982
1,14-07-2020,,194.1252006
1,15-07-2020,,194.1005755
1,16-07-2020,,195.1698409
1,17-07-2020,,193.5876405
1,18-07-2020,,193.835705
1,19-07-2020,,193.7205228
1,20-07-2020,,195.9975736
1,21-07-2020,,195.3553937
1,22-07-2020,,196.1921522
1,23-07-2020,,197.3096984
1,24-07-2020,,195.7896076
1,25-07-2020,,195.7430785
1,26-07-2020,,194.6750288
1,27-07-2020,,196.0738455
1,28-07-2020,,195.747943
1,29-07-2020,,195.7467187
1,30-07-2020,,194.5847957
1,31-07-2020,,191.8622026
1,01-08-2020,,192.7696963
1,02-08-2020,,193.9356101
1,03-08-2020,,196.5145489
1,04-08-2020,,194.2858622
1,05-08-2020,,193.9266961
1,06-08-2020,,195.0782423
1,07-08-2020,,194.0601652
1,08-08-2020,,195.8392387
1,09-08-2020,,195.960463
1,10-08-2020,,196.3735195
1,11-08-2020,,195.4829595
1,12-08-2020,,195.5094406
1,13-08-2020,,194.2608121
1,14-08-2020,,191.4053429
1,15-08-2020,,192.4131968
1,16-08-2020,,193.7670279
1,17-08-2020,,194.5817813
1,18-08-2020,,193.7135392
1,19-08-2020,,193.0572938
1,20-08-2020,,196.2702596
1,21-08-2020,,197.4948018
1,22-08-2020,,196.6425872
1,23-08-2020,,195.9599251
1,24-08-2020,,194.693626
1,25-08-2020,,194.1217562
1,26-08-2020,,194.5448109
1,27-08-2020,,195.1032972
1,28-08-2020,,192.1752721
1,29-08-2020,,193.9507356
1,30-08-2020,,191.5902082
1,31-08-2020,,189.9944994
1,01-09-2020,,190.9041294
1,02-09-2020,,192.8190812
1,03-09-2020,,193.1320537
1,04-09-2020,,191.3080466
1,05-09-2020,,193.6721743
1,06-09-2020,,196.0292563
1,07-09-2020,,194.8616782
1,08-09-2020,,195.5465567
1,09-09-2020,,196.1980482
1,10-09-2020,,192.6463171
1,11-09-2020,,194.467473
1,12-09-2020,,195.6317259
1,13-09-2020,,196.7914491
1,14-09-2020,,197.9495331
1,15-09-2020,,199.2996034
1,16-09-2020,,195.3662033
1,17-09-2020,,192.9587713
1,18-09-2020,,191.5717183
1,19-09-2020,,193.0672521
1,20-09-2020,,192.9124753
1,21-09-2020,,192.3251209
1,22-09-2020,,192.7384926
1,23-09-2020,,193.8000423
1,24-09-2020,,193.3945098
1,25-09-2020,,190.9835253
1,26-09-2020,,190.1893718
1,27-09-2020,,187.9295882
1,28-09-2020,,190.3494998
1,29-09-2020,,189.2259228
1,30-09-2020,,190.5286266
1,01-10-2020,,192.8426113
1,02-10-2020,,191.5191268
1,03-10-2020,,191.2311012
1,04-10-2020,,186.8263769
1,05-10-2020,,188.0674061
1,06-10-2020,,187.6628907
1,07-10-2020,,188.5462795
1,08-10-2020,,190.0825724
1,09-10-2020,,187.2217694
1,10-10-2020,,189.6373511
1,11-10-2020,,188.9487273
1,12-10-2020,,189.7939288
1,13-10-2020,,188.6794272
1,14-10-2020,,187.6135933
1,15-10-2020,,188.5814273
1,16-10-2020,,188.8066791
1,17-10-2020,,188.2468316
1,18-10-2020,,188.2004635
1,19-10-2020,,187.9060885
1,20-10-2020,,188.6172478
1,21-10-2020,,187.6580715
1,22-10-2020,,187.3339569
1,23-10-2020,,183.794897
1,24-10-2020,,185.2773006
1,25-10-2020,,185.1953435
1,26-10-2020,,187.1521044
1,27-10-2020,,186.3605959
1,28-10-2020,,187.1425121
1,29-10-2020,,187.3365333
1,30-10-2020,,183.9906766
1,31-10-2020,,183.2707534
1,01-11-2020,,181.1150402
1,02-11-2020,,183.3586467
1,03-11-2020,,185.5941025
1,04-11-2020,,187.8370309
1,05-11-2020,,190.0850894
1,06-11-2020,,189.1203603
1,07-11-2020,,184.9258324
1,08-11-2020,,185.5080077
1,09-11-2020,,182.8577629
1,10-11-2020,,183.4693058
1,11-11-2020,,184.3498349
1,12-11-2020,,183.6731175
1,13-11-2020,,185.156286
1,14-11-2020,,185.5272597
1,15-11-2020,,185.9436072
1,16-11-2020,,182.5461002
1,17-11-2020,,183.1595012
1,18-11-2020,,183.4443308
1,19-11-2020,,183.1367533
1,20-11-2020,,183.9800975
1,21-11-2020,,181.8201267
1,22-11-2020,,181.9686627
1,23-11-2020,,178.7902946
1,24-11-2020,,180.3663889
1,25-11-2020,,182.5662366
1,26-11-2020,,179.7198377
1,27-11-2020,,180.5155255
1,28-11-2020,,179.8753264
1,29-11-2020,,181.5849629
1,30-11-2020,,179.991129
1,01-12-2020,,180.7347746
1,02-12-2020,,180.6182011
1,03-12-2020,,180.8249152
1,04-12-2020,,176.9251361
1,05-12-2020,,178.7809569
1,06-12-2020,,180.6350174
1,07-12-2020,,179.6825847
1,08-12-2020,,180.7028507
1,09-12-2020,,180.0343598
1,10-12-2020,,179.189934
1,11-12-2020,,179.6725497
1,12-12-2020,,178.9706377
1,13-12-2020,,178.7796159
1,14-12-2020,,177.0346764
1,15-12-2020,,178.5743157
1,16-12-2020,,180.1148522
1,17-12-2020,,181.6573134
1,18-12-2020,,181.0560515
1,19-12-2020,,179.2955738
1,20-12-2020,,180.5930413
1,21-12-2020,,180.2248342
1,22-12-2020,,180.2227484
1,23-12-2020,,180.223964
1,24-12-2020,,180.2276316
1,25-12-2020,,179.0562889
1,26-12-2020,,178.8429646
1,27-12-2020,,175.5976585
1,28-12-2020,,176.7866206
1,29-12-2020,,176.9069409
1,30-12-2020,,177.3273297
1,31-12-2020,,178.042965
1,01-01-2021,,175.5229257
1,02-01-2021,,177.0313658
1,03-01-2021,,174.6493676
1,04-01-2021,,175.3462167
1,05-01-2021,,175.7484255
1,06-01-2021,,176.1452917
1,07-01-2021,,176.5438292
1,08-01-2021,,176.9508598
1,09-01-2021,,176.549467
1,10-01-2021,,177.6377179
1,11-01-2021,,173.896327
1,12-01-2021,,175.0114932
1,13-01-2021,,175.0521662
1,14-01-2021,,175.1271406
1,15-01-2021,,177.1593889
1,16-01-2021,,176.7767332
1,17-01-2021,,179.9842783
1,18-01-2021,,174.1330244
1,19-01-2021,,174.343918
1,20-01-2021,,174.6064499
1,21-01-2021,,176.0146613
1,22-01-2021,,176.8443192
1,23-01-2021,,175.1806908
1,24-01-2021,,174.5886241
1,25-01-2021,,172.6059136
1,26-01-2021,,175.7782749
1,27-01-2021,,179.1684685
1,28-01-2021,,175.579871
1,29-01-2021,,175.8501239
1,30-01-2021,,177.1569339
1,31-01-2021,,178.4720498
1,01-02-2021,,177.201426
1,02-02-2021,,177.917873
1,03-02-2021,,177.2898885
1,04-02-2021,,175.2525958
1,05-02-2021,,173.3651318
1,06-02-2021,,174.8619007
1,07-02-2021,,176.3572312
1,08-02-2021,,175.6906714
1,09-02-2021,,175.4814437
1,10-02-2021,,175.6560003
1,11-02-2021,,176.8268616
1,12-02-2021,,175.5738543
1,13-02-2021,,180.8593884
1,14-02-2021,,181.6258922
1,15-02-2021,,182.09467
1,16-02-2021,,181.3789242
1,17-02-2021,,180.1614257
1,18-02-2021,,178.9733915
1,19-02-2021,,176.9935612
1,20-02-2021,,176.8603093
1,21-02-2021,,177.4478116
1,22-02-2021,,176.9760354
1,23-02-2021,,178.2160537
1,24-02-2021,,180.1863642
1,25-02-2021,,177.4904601
1,26-02-2021,,176.6830232
1,27-02-2021,,178.5734312
1,28-02-2021,,181.2009533
1,01-03-2021,,181.5282602
1,02-03-2021,,178.5183632
1,03-03-2021,,178.2537078
1,04-03-2021,,177.0045338
1,05-03-2021,,175.7514303
1,06-03-2021,,178.7051871
1,07-03-2021,,180.3781218
1,08-03-2021,,180.8377342
1,09-03-2021,,178.8169859
1,10-03-2021,,181.3440286
1,11-03-2021,,183.8098111
1,12-03-2021,,184.0463744
1,13-03-2021,,185.2911889
1,14-03-2021,,183.0262314
1,15-03-2021,,181.820252
1,16-03-2021,,180.9649174
1,17-03-2021,,179.4374147
1,18-03-2021,,177.0099586
1,19-03-2021,,174.0698998
1,20-03-2021,,183.9461423
1,21-03-2021,,179.0808026
1,22-03-2021,,179.7833602
1,23-03-2021,,177.5499544
1,24-03-2021,,179.2066581
1,25-03-2021,,180.9602522
1,26-03-2021,,178.466723
1,27-03-2021,,179.39055
1,28-03-2021,,180.0335734
1,29-03-2021,,181.2648068
1,30-03-2021,,181.4864318
1,31-03-2021,,182.8312451
1,01-04-2021,,184.1733906
1,02-04-2021,,185.5156354
1,03-04-2021,,185.3291131
1,04-04-2021,,182.8518853
1,05-04-2021,,180.9726986
1,06-04-2021,,180.1698372
1,07-04-2021,,182.4438081
1,08-04-2021,,184.7143817
1,09-04-2021,,186.9833388
1,10-04-2021,,187.3689432
1,11-04-2021,,186.4690122
1,12-04-2021,,186.910789
1,13-04-2021,,185.7000783
1,14-04-2021,,186.3252786
1,15-04-2021,,186.9477769
1,16-04-2021,,187.5731484
1,17-04-2021,,187.7532322
1,18-04-2021,,184.7282099
1,19-04-2021,,183.8004342
1,20-04-2021,,182.8355968
1,21-04-2021,,184.5239512
1,22-04-2021,,187.8884221
1,23-04-2021,,186.6907628
1,24-04-2021,,188.3222633
1,25-04-2021,,188.4400355
1,26-04-2021,,188.3208534
1,27-04-2021,,184.0874509
1,28-04-2021,,181.7189834
1,29-04-2021,,184.6831404
1,30-04-2021,,185.1749582
1,01-05-2021,,188.8195478
1,02-05-2021,,190.2746964
1,03-05-2021,,191.7776688
1,04-05-2021,,185.7330771
1,05-05-2021,,186.4767544
1,06-05-2021,,188.0712007
1,07-05-2021,,188.9014162
1,08-05-2021,,192.034556
1,09-05-2021,,191.8118944
