Date,TD1,TS1,TD2,TS2,PD1,PD2,DT1,DT2,PR1,PR2
13/02/2017,189.7656667,30.32537667,139.8605467,36.42654,2.429466667,8.25742,159.44029,103.4340067,201.5223301,134.2319625
14/02/2017,185.6671033,26.28831667,135.03374,32.85511,2.406696667,8.30728,159.3787866,102.17863,200.1959223,135.8467288
15/02/2017,182.360085,24.43451125,131.0235088,29.75427375,2.3978725,8.29987875,157.9255738,101.2692351,199.6818932,136.088474
16/02/2017,183.509865,24.93456,130.26974,30.52503,2.3101,7.97617,158.575305,99.74471,194.568932,134.8188677
20/02/2017,174.695895,19.6710075,122.8587675,24.2521375,2.2697625,8.1001275,155.0248875,98.60663,192.2191748,138.3452218
21/02/2017,176.24652,20.31470286,126.9055971,24.82557286,2.376955714,8.319834286,155.9318171,102.0800242,198.4634397,137.216845
22/02/2017,176.41393,21.087252,126.480934,25.323564,2.345114,8.283306,155.326678,101.15737,196.6085825,137.9702434
23/02/2017,172.059205,16.865025,123.81569,22.054335,2.37794,8.309665,155.19418,101.761355,198.5207767,137.028014
27/02/2017,176.9203575,21.8778175,125.766335,26.5415125,2.3766425,8.27188,155.04254,99.2248225,198.4451942,136.525626
28/02/2017,175.097795,20.368335,121.4425275,24.412395,2.3149275,8.1391375,154.72946,97.0301325,194.8501456,137.0603324
01/03/2017,178.5898175,22.86810625,126.93157,27.6747575,2.2624025,8.08427625,155.7217113,99.2568125,191.7904369,138.4137609
02/03/2017,175.93694,20.86347667,123.1679267,25.84452667,2.312633333,8.220323333,155.0734633,97.32340003,194.7165048,138.3688011
06/03/2017,172.5685767,28.23226,125.84534,30.89133,2.29803,8.268346667,144.3363167,94.95401,193.8658252,139.6974587
07/03/2017,182.127184,24.082658,133.976122,29.334556,2.359508,8.318916,158.044526,104.641566,197.447068,137.9096317
08/03/2017,175.7212638,21.75685125,123.9481863,26.36981125,2.21121375,8.05296875,153.9644126,97.57837505,188.808568,140.1167811
09/03/2017,177.294295,23.3887675,125.9150225,27.2206975,2.3181975,8.3238,153.9055275,98.694325,195.0406311,139.6841136
13/03/2017,184.555115,28.91928,133.196455,34.85959,2.37376,8.263535,155.635835,98.336865,198.2772816,136.5186588
14/03/2017,184.459124,27.315968,136.39404,33.260072,2.370956,8.349692,157.143156,103.133968,198.1139417,137.8978734
15/03/2017,184.61459,29.329136,132.48156,33.894998,2.326694,8.271682,155.285454,98.586562,195.5355728,138.5542144
20/03/2017,191.05334,35.98577,139.19708,41.81929,2.34973,8.16961,155.06757,97.37779,196.8774757,136.0997772
21/03/2017,177.59168,22.93239,125.0228825,27.876985,2.288045,8.140515,154.65929,97.1458975,193.2841748,138.1915405
22/03/2017,177.3081771,22.62729714,125.2929243,27.32426571,2.252212857,8.130047143,154.68088,97.96865859,191.1968655,139.5407236
23/03/2017,177.512185,20.90666,127.599205,26.587305,2.29544,8.2709,156.605525,101.0119,193.7149515,139.8446521
27/03/2017,182.07497,27.58907667,131.8773733,32.96703333,2.266426667,8.099213333,154.4858933,98.91033997,192.0248544,138.4713548
28/03/2017,181.6630025,26.79442375,131.8221688,31.612485,2.2930675,8.271195,154.8685788,100.2096838,193.5767476,139.9489327
29/03/2017,182.78816,27.35766889,133.5739889,32.73639778,2.265575556,8.185797778,155.4304911,100.8375911,191.9752751,139.820763
30/03/2017,181.67847,25.89835,134.80997,30.95238,2.31346,8.42813,155.78012,103.85759,194.7646602,141.4422484
03/04/2017,187.7968667,32.60432,138.5238033,37.68823667,2.271646667,8.134086667,155.1925467,100.8355666,192.3289321,138.7805479
04/04/2017,182.08675,27.25930667,133.6911083,32.12250667,2.308845,8.264783333,154.8274433,101.5686016,194.4958252,139.1915967
05/04/2017,179.3906875,25.17355,129.8619525,30.0671525,2.3073925,8.265355,154.2171375,99.7948,194.4112136,139.2607402
06/04/2017,176.36387,21.912655,126.253625,26.73993,2.303155,8.31124,154.451215,99.513695,194.1643689,140.1260967
10/04/2017,194.28037,39.454235,162.230895,45.74176,2.096575,8.434605,154.826135,116.489135,182.1305825,151.3573959
11/04/2017,191.5288575,36.1800975,141.9029563,41.79258375,2.30422625,8.19967,155.34876,100.1103726,194.2267718,138.407974
12/04/2017,184.20179,29.899755,136.296875,35.592185,2.32094,8.36404,154.302035,100.70469,195.2003883,140.1702209
13/04/2017,183.2713683,29.19833833,134.2593717,34.5696,2.296578333,8.198698333,154.07303,99.6897717,193.7812621,138.711574
18/04/2017,184.213565,30.0878675,134.2760567,34.8341475,2.253815,8.250780833,154.1256975,99.4419092,191.2901942,141.3109574
19/04/2017,188.289555,34.16418333,138.7034117,38.80749,2.285486667,8.28294,154.1253717,99.8959217,193.1351457,140.4460481
20/04/2017,186.90571,33.15852,137.8937067,37.51526333,2.297556667,8.28307,153.74719,100.3784434,193.8382524,139.9385635
24/04/2017,191.472616,35.056132,143.628948,40.830284,2.230968,8.171538,156.416484,102.798664,189.959301,141.0859904
25/04/2017,190.4880175,33.6077,143.1234,39.25519,2.30324,8.3114825,156.8803175,103.86821,194.1693204,140.126161
26/04/2017,189.637835,33.4960575,141.9191538,38.762975,2.30619875,8.2704825,156.1417775,103.1561788,194.3416748,139.3874166
27/04/2017,181.90371,25.5818325,133.5792175,31.30342,2.2003625,8.10881,156.3218775,102.2757975,188.1764563,141.4517721
01/05/2017,191.12695,35.18031667,143.3270583,40.51180333,2.307215,8.230236667,155.9466333,102.815255,194.4008738,138.741985
02/05/2017,189.8822175,33.60279,142.5131788,38.81257625,2.26196125,8.18333125,156.2794275,103.7006026,191.764733,139.936812
03/05/2017,189.292018,33.442814,141.51489,39.471919,2.316827,8.215193,155.849204,102.042971,194.9607961,138.1187764
04/05/2017,188.9333967,32.49767333,142.1296767,39.00081333,2.202043333,7.94676,156.4357234,103.1288634,188.2743689,138.8712816
08/05/2017,197.7046717,40.20407,149.70456,45.90964833,2.3174,8.24558,157.5006017,103.7949117,194.9941748,138.5490231
09/05/2017,191.6513767,34.59951556,144.6965111,40.41514,2.244571111,8.103421111,157.0518611,104.2813711,190.7517152,139.4598071
10/05/2017,187.968816,32.388532,140.742288,37.680098,2.284932,8.193402,155.580284,103.06219,193.102835,139.1190227
11/05/2017,184.66111,29.284385,135.62262,34.493285,2.25875,8.230365,155.376725,101.129335,191.5776699,140.7885215
15/05/2017,196.079375,38.83298,149.216775,45.02442,2.29473,8.267955,157.246395,104.192355,193.6735922,139.8302268
16/05/2017,190.2786411,33.24554111,143.47231,39.19753222,2.217432222,8.076157778,157.0331,104.2747778,189.170809,140.2055094
17/05/2017,189.9384078,33.66364,143.6208333,39.16361444,2.287953333,8.236788889,156.2747678,104.4572189,193.2788349,139.6461607
18/05/2017,192.2296175,36.503485,145.169735,41.7964,2.273295,8.19523,155.7261325,103.373335,192.4249515,139.6367869
19/05/2017,191.326425,35.86283875,143.1992188,41.006565,2.2721025,8.18205375,155.4635863,102.1926538,192.3554854,139.4877014
20/05/2017,188.998172,33.33348,141.189834,38.70574,2.248988,8.160388,155.664692,102.484094,191.0090097,140.1406166
21/05/2017,192.4528978,36.74694556,143.5423178,42.10758667,2.255984444,8.115305556,155.7059522,101.4347311,191.4165696,139.1562515
22/05/2017,192.2281413,36.101335,145.18888,41.25839625,2.25605625,8.18735375,156.1268063,103.9304838,191.4207524,140.2494822
23/05/2017,190.3967425,34.7142875,143.8933525,39.842795,2.27141,8.2784075,155.682455,104.0505575,192.3151456,140.976242
24/05/2017,190.7360875,34.69392625,144.44248,40.3311975,2.2604575,8.21490875,156.0421613,104.1112825,191.6771359,140.4805981
25/05/2017,193.4274783,37.94802833,146.12224,42.66890667,2.279245,8.323866667,155.47945,103.4533333,192.7715534,141.3293163
29/05/2017,194.72497,36.32306333,148.0665083,41.84473167,2.259733333,8.219505,158.4019067,106.2217766,191.6349514,140.5813795
30/05/2017,197.7698686,38.57232714,151.4591229,44.30490429,2.2648,8.231727143,159.1975415,107.1542186,191.9300971,140.5506729
31/05/2017,190.170026,35.032186,142.892857,39.835166,2.258654,8.285818,155.13784,103.057691,191.5720777,141.635727
01/06/2017,186.680955,32.12275,139.388465,36.858975,2.24821,8.34029,154.558205,102.52949,190.9636893,142.9177814
05/06/2017,182.2653767,36.48958333,134.6391933,38.79731333,2.23914,8.285883333,145.7757934,95.84187997,190.4353398,142.4821717
06/06/2017,191.212335,36.483365,142.4054667,41.49878167,2.229953333,8.141086667,154.72897,100.906685,189.9001942,140.662852
07/06/2017,199.34665,42.15259,152.6136,47.83272333,2.293436667,8.318663333,157.19406,104.7808767,193.5982524,140.6475325
08/06/2017,188.04812,34.45011333,140.4180133,39.31624333,2.26882,8.270573333,153.5980067,101.10177,192.1642718,140.9681846
12/06/2017,190.4703525,37.134075,141.4627775,41.872715,2.264435,8.20524,153.3362775,99.5900625,191.908835,140.1642467
13/06/2017,190.0354286,35.39549286,143.3999614,40.31484429,2.259635714,8.250065714,154.6399357,103.0851171,191.6292649,141.0500511
14/06/2017,189.7335238,35.21753125,142.2849913,40.68223625,2.2414075,8.276495,154.5159926,101.6027551,190.5674272,142.2399227
15/06/2017,189.52228,35.08871,145.18593,40.04884,2.27506,8.45011,154.43357,105.13709,192.527767,143.4181225
19/06/2017,192.3974425,38.5110575,149.5465475,44.29182,2.2633425,8.2237425,153.886385,105.2547275,191.8451942,140.491651
20/06/2017,189.412345,35.12372333,142.3033917,39.37729167,2.177466667,8.23956,154.2886217,102.9261,186.8427185,144.499709
21/06/2017,191.6863783,36.626005,145.0661933,41.44281667,2.195073333,8.207136667,155.0603733,103.6233766,187.8683495,143.2081648
22/06/2017,187.5946867,34.62677667,137.7190033,38.59381667,2.203143333,8.176416667,152.96791,99.12518663,188.3384466,142.3756345
29/06/2017,194.692585,37.96635,152.641075,43.437115,2.261165,8.39162,156.726235,109.20396,191.7183495,143.1350297
30/06/2017,195.189195,39.468305,149.1942017,44.93793333,2.259278333,8.279833333,155.72089,104.2562684,191.6084466,141.517871
01/07/2017,192.4666333,36.94465333,147.3745817,42.25681667,2.258163333,8.33306,155.52198,105.117765,191.5434951,142.3752267
02/07/2017,194.0006533,38.76623667,147.8132933,43.426945,2.247581667,8.312611667,155.2344166,104.3863483,190.9270874,142.5229425
03/07/2017,187.1903267,33.56680333,140.6535667,37.62719,2.227366667,8.344376667,153.6235234,103.0263767,189.7495146,143.8950174
06/07/2017,204.665165,43.45711,161.8481275,49.3513425,2.296585,8.3131025,161.208055,112.496785,193.7816505,140.4308397
07/07/2017,195.6387067,36.35676,152.1434817,43.26923167,2.286193333,8.312811667,159.2819467,108.87425,193.1763107,140.8665106
08/07/2017,199.074545,41.915485,150.6639375,48.29823125,2.2562625,8.101745,157.15906,102.3657063,191.432767,138.9381554
09/07/2017,195.5489729,39.99375714,147.72566,45.97069571,2.260997143,8.19645,155.5552158,101.7549643,191.7085714,140.1771196
10/07/2017,193.93293,38.12731,148.34819,43.84921,2.281775,8.32792,155.80562,104.49898,192.918932,141.2825449
13/07/2017,203.99974,46.61004,156.359825,51.4652,2.24892,8.132415,157.3897,104.894625,191.0050485,139.7169647
14/07/2017,191.6598775,37.074205,142.8981625,42.4603175,2.1189525,7.930485,154.5856725,100.437845,183.4341262,142.2772335
15/07/2017,198.442534,41.750062,152.167622,47.213068,2.279903,8.285564,156.692472,104.954554,192.8098835,140.7226133
16/07/2017,197.367244,41.039484,149.790928,47.246644,2.265758,8.120188,156.32776,102.544284,191.9859029,138.8176559
17/07/2017,193.0457,37.36439,148.1597433,43.28449667,2.29218,8.303026667,155.68131,104.8752466,193.5250485,140.4653972
20/07/2017,197.07751,43.04441,149.03717,47.8022,2.27895,8.33587,154.0331,101.23497,192.7543689,141.5232929
21/07/2017,194.5865833,37.67191,150.4681333,43.54904667,2.285153333,8.324883333,156.9146733,106.9190866,193.1157281,141.09277
22/07/2017,195.102442,39.399276,149.059548,44.68254,2.261942,8.290884,155.703166,104.377008,191.7636117,141.5712063
23/07/2017,195.8063929,40.41045571,148.8950014,45.49101857,2.264834286,8.184025714,155.3959372,103.4039828,191.9320943,139.8253283
24/07/2017,190.997395,36.41859,144.4999,41.81929,2.238845,8.26393,154.578805,102.68061,190.4181553,142.1592336
27/07/2017,201.6864433,44.94254,153.1632133,50.03052667,2.265133333,8.254216667,156.7439033,103.1326866,191.9495145,140.8777086
28/07/2017,196.031676,40.50989,149.445846,45.561662,2.267006,8.285742,155.521786,103.884184,192.0586019,141.2757817
29/07/2017,194.73822,39.653965,147.0924125,44.4215525,2.2559275,8.2544125,155.084255,102.67086,191.4132524,141.2753705
30/07/2017,191.9759067,37.06308167,145.1290083,42.287345,2.269841667,8.242011667,154.912825,102.8416633,192.2237864,140.491766
31/07/2017,190.57438,36.87889333,141.69587,41.71754,2.232036667,8.175043333,153.6954867,99.97833,190.0215534,141.0934988
03/08/2017,204.82123,46.90742,157.65829,51.80098,2.28413,8.39653,157.91381,105.85731,193.0561165,142.2172637
04/08/2017,197.4779543,40.97409286,151.06458,46.19309429,2.276762857,8.30127,156.5038614,104.8714857,192.6269625,141.0937283
05/08/2017,189.16698,35.10704,140.0018767,40.25234,2.22034,8.098816667,154.05994,99.7495367,189.3401942,140.4286423
06/08/2017,194.4799333,38.20822333,148.3220156,43.84412,2.222351111,8.194128889,156.27171,104.4778956,189.4573463,141.8070893
07/08/2017,196.3027386,41.32882,147.7122,46.69893857,2.26468,8.187785714,154.9739186,101.0132614,191.9231068,139.8889378
10/08/2017,199.3329067,42.08192667,155.4323433,47.12047333,2.294613333,8.378466667,157.25098,108.31187,193.6667961,141.4971566
11/08/2017,195.7653167,39.06067333,148.78101,44.66320833,2.242363333,8.209003333,156.7046434,104.1178017,190.6231068,141.1671381
12/08/2017,198.2474233,41.39228667,150.20117,47.00854667,2.256376667,8.25657,156.8551366,103.1926233,191.4394175,141.2888865
13/08/2017,195.325033,39.413014,146.883658,44.86264,2.241239,8.217214,155.912019,102.021018,190.5576117,141.3411554
14/08/2017,191.090145,34.9518,142.5404175,40.6822375,2.214085,8.113375,156.138345,101.85818,188.9758252,140.923789
17/08/2017,192.40186,37.71313,141.40536,43.34554,2.23196,8.11426,154.68873,98.05982,190.0170874,140.1651155
18/08/2017,195.195476,39.098556,146.262394,44.249086,2.252828,8.184178,156.09692,102.013308,191.232699,140.3390309
19/08/2017,194.3991167,37.847265,146.9927983,42.831705,2.261478333,8.322458333,156.5518517,104.1610933,191.7366019,142.0707868
20/08/2017,200.4198043,40.41578571,155.64686,46.82975714,2.279487143,8.365514286,160.0040186,108.8171029,192.7856588,141.9481914
21/08/2017,210.54802,37.1856,175.4776225,47.588525,2.25295,8.20367,173.36242,127.8890975,191.2398058,140.6306828
24/08/2017,189.6263033,37.65882667,141.99227,42.01261667,2.235843333,8.264486667,151.9674766,99.97965333,190.243301,142.298416
25/08/2017,196.3456357,39.80307429,149.75728,44.85871286,2.257294286,8.29681,156.5425614,104.8985671,191.492871,141.8615005
26/08/2017,194.811825,37.9055,145.7630275,43.1242375,2.22545,8.1651025,156.906325,102.63879,189.6378641,141.2262898
27/08/2017,195.62497,38.99688,149.7104433,44.00692,2.255863333,8.31762,156.62809,105.7035233,191.4095145,142.239939
28/08/2017,190.29959,32.63311,144.56761,38.46154,2.27353,8.37984,157.66648,106.10607,192.4386408,142.420986
30/08/2017,197.28363,39.92239,150.42986,45.1236275,2.2718825,8.288075,157.36124,105.3062325,192.3426699,141.102462
31/08/2017,192.6050225,37.4069175,143.944885,41.9261275,2.234135,8.2633425,155.198105,102.0187575,190.1437864,142.3553637
01/09/2017,192.4921567,38.30135333,139.32468,42.72487333,2.23549,8.176613333,154.1908034,96.59980667,190.2227184,140.9683284
02/09/2017,195.734886,39.603026,147.27055,44.19414,2.26298,8.269016,156.13186,103.07641,191.8240777,141.1945411
03/09/2017,191.715236,36.153006,140.11808,41.135534,2.179028,8.002176,155.56223,98.982546,186.9336699,140.7307135
04/09/2017,184.19885,27.51187,139.5033,33.39439,2.24444,8.45129,156.68698,106.10891,190.7440777,144.7772749
07/09/2017,197.492094,41.974224,147.620338,46.965814,2.272118,8.235254,155.51787,100.654524,192.3563883,140.292594
08/09/2017,192.9840014,35.84331429,144.0645514,41.71899857,2.269798571,8.117597143,157.1406871,102.3455528,192.221276,138.6084172
09/09/2017,194.884554,38.363248,146.404904,43.748476,2.260694,8.233488,156.521306,102.656428,191.6909126,140.7528017
10/09/2017,191.5391567,35.879115,141.4946733,40.80179167,2.247541667,8.245186667,155.6600417,100.6928816,190.9247573,141.4960908
11/09/2017,189.060005,32.536925,139.038085,37.95788,2.24939,8.293375,156.52308,101.080205,191.0324272,142.1510555
14/09/2017,199.9173625,36.78615,155.5147825,44.2612925,2.296085,8.2394925,163.1312125,111.25349,193.7525243,139.3453941
15/09/2017,199.2521486,35.39381,155.4474843,42.85278286,2.283591429,8.159772857,163.8583386,112.5947014,193.0247434,138.6678632
16/09/2017,193.85167,37.119546,145.60757,42.42369,2.28757,8.235804,156.732124,103.18388,193.2565049,139.6474528
17/09/2017,191.4567233,34.507365,144.9592183,39.89621333,2.264481667,8.278031667,156.9493583,105.063005,191.9115534,141.2670127
18/09/2017,189.76518,35.0165775,138.7966475,39.3849225,2.2371375,8.22816,154.7486025,99.411725,190.3186893,141.686109
20/09/2017,193.875222,36.705762,148.47774,41.819296,2.26625,8.34871,157.16946,106.658444,192.0145631,142.2633295
21/09/2017,193.7824422,36.94563333,145.0740467,42.23646889,2.227271111,8.190094444,156.8368089,102.8375778,189.7439482,141.5309646
22/09/2017,191.76941,35.875842,142.387598,41.202686,2.260858,8.214722,155.893568,101.184912,191.700466,140.4606641
23/09/2017,194.4511433,37.47823667,145.65899,43.44729333,2.263363333,8.23315,156.9729066,102.2116967,191.8464077,140.6335874
24/09/2017,192.09859,36.1938375,141.84407,41.0943225,2.22277,8.0426625,155.9047525,100.7497475,189.4817476,139.4605598
25/09/2017,188.515295,31.91174,140.35128,37.347375,2.26941,8.31919,156.603555,103.003905,192.1986408,141.6797246
28/09/2017,193.167395,35.9425825,143.9110225,41.2927375,2.25251,8.213045,157.2248125,102.618285,191.2141748,140.7923357
29/09/2017,192.5581809,33.44093818,144.1752118,38.91941636,2.241348182,8.28464,159.1172427,105.2557954,190.5639718,142.3669919
30/09/2017,190.079346,33.846978,138.753074,39.35287,2.116234,8.025538,156.232368,99.400204,183.275767,143.9107517
01/10/2017,196.4680388,36.1980075,147.9919138,42.0367825,2.21666125,8.147975,160.2700313,105.9551313,189.1258981,141.34482
02/10/2017,192.9082933,35.27028667,141.54571,40.39479167,2.19413,8.018896667,157.6380066,101.1509183,187.8133981,140.3308283
05/10/2017,197.33662,40.481825,147.05266,45.054945,2.24338,8.15283,156.854795,101.997715,190.6823301,140.265261
06/10/2017,188.9019867,34.12492333,139.6151833,38.89906667,2.26022,8.343723333,154.7770634,100.7161166,191.663301,142.448276
07/10/2017,188.74327,34.30327143,135.7689929,39.09820429,2.206317143,8.09334,154.4399986,96.67078861,188.5233287,140.9525024
08/10/2017,184.9717375,31.9333325,132.7459625,36.118745,2.232545,8.2400325,153.038405,96.6272175,190.051165,142.067504
09/10/2017,183.36854,29.41786,134.99547,33.42491,2.24273,8.375325,153.95068,101.57056,190.644466,143.6923455
12/10/2017,191.57449,37.423605,139.423795,41.605615,2.243025,8.15146,154.150885,97.81818,190.6616505,140.2595458
13/10/2017,188.1972967,34.70398667,138.62391,37.95279,2.265483333,8.33136,153.49331,100.67112,191.9699029,142.0331869
14/10/2017,186.6687471,32.77612429,137.4413957,36.87859571,2.255024286,8.340304286,153.8926228,100.5628,191.360638,142.6215375
15/10/2017,191.8519988,33.451155,142.6449413,38.2974675,2.2268925,8.21834375,158.4008438,104.3474738,189.7218932,141.9811024
16/10/2017,190.436495,29.5734175,142.75388,35.164835,2.21647,8.2365025,160.8630775,107.589045,189.1147573,142.7165891
19/10/2017,187.1275067,34.37683333,133.4496733,38.45136333,2.233253333,8.13919,152.7506734,94.99830997,190.0924272,140.4915442
20/10/2017,186.5425617,31.36179833,137.9044983,36.18233833,2.254608333,8.314415,155.1807634,101.72216,191.3364077,142.2454986
21/10/2017,185.30946,31.14797,134.287052,35.708182,2.245926,8.219628,154.16149,98.57887,190.8306408,141.1757775
22/10/2017,184.559045,30.66987,135.5205483,35.03764833,2.238338333,8.31353,153.889175,100.4829,190.3886408,142.9400669
23/10/2017,182.809105,27.796495,135.93177,32.34127,2.236435,8.368555,155.01261,103.5905,190.277767,143.8656364
26/10/2017,189.17286,34.64248,139.6740733,39.37729,2.249896667,8.233013333,154.53038,100.2967833,191.0619418,141.2089202
27/10/2017,183.15359,29.0282175,132.17181,33.5393775,2.2199425,8.1822275,154.1253725,98.6324325,189.3170388,141.7290844
28/10/2017,188.01828,34.089594,136.979384,38.730158,2.247834,8.241652,153.928686,98.249226,190.9417864,141.4295538
29/10/2017,185.0350438,31.1496375,135.7749875,35.51205875,2.2338425,8.283535,153.8854063,100.2629288,190.1267476,142.6774576
06/11/2017,184.1164033,30.27892333,133.6263333,34.63573333,2.198826667,8.14233,153.83748,98.99059997,188.0869903,142.0381294
07/11/2017,184.6934973,30.09667091,136.66278,34.44888636,2.271509091,8.322006364,154.5968264,102.2138936,192.3209179,141.6322976
08/11/2017,181.8324071,28.96218286,130.4842714,32.75335571,2.224468571,8.204104286,152.8702242,97.73091569,189.5806935,141.8680821
09/11/2017,179.814675,25.9783425,130.3742775,30.5479225,2.24756,8.272715,153.8363325,99.826355,190.9258252,141.915251
13/11/2017,185.70048,31.20018333,136.8317667,35.44974,2.254413333,8.316766667,154.5002967,101.3820267,191.3250485,142.2897443
14/11/2017,181.2588925,28.1380375,130.1549175,32.2954825,2.225745,8.1468425,153.120855,97.859435,189.6550485,140.933066
15/11/2017,183.4930357,28.54856857,133.9401186,33.39002429,2.252818571,8.230521429,154.9444671,100.5500943,191.2321498,141.0452821
16/11/2017,177.17063,25.10828,124.054185,28.663,2.212465,8.161565,152.06235,95.391185,188.8814563,141.7373048
20/11/2017,186.76044,33.15525,133.14346,37.36264,2.26387,8.13566,153.60519,95.78082,191.8759223,139.1320848
21/11/2017,181.07634,27.6448575,129.585185,32.3870575,2.25401,8.226635,153.4314825,97.1981275,191.3015534,140.9349393
22/11/2017,183.753662,28.767348,135.13267,33.974358,2.177736,8.237728,154.986314,101.158312,186.8584078,144.4590203
23/11/2017,177.476855,22.646785,128.880005,27.99145,2.23449,8.149,154.83007,100.888555,190.164466,140.5885759
27/11/2017,177.918495,24.67546,126.27424,29.044565,2.202395,8.026225,153.243035,97.229675,188.2948544,140.0853701
28/11/2017,178.8761588,26.545135,125.905455,30.242675,2.0874475,7.8737525,152.3310238,95.66278,181.5988835,142.8051715
29/11/2017,181.8096986,27.89099143,131.9556129,31.76347429,2.226624286,8.172052857,153.9187072,100.1921386,189.7062691,141.2820769
30/11/2017,179.0377843,25.30611429,129.8196814,29.83603714,2.238787143,8.19387,153.73167,99.98364426,190.414785,141.0900985
01/12/2017,177.1922233,23.79869167,127.146755,28.15425333,2.221533333,8.232688333,153.3935316,98.99250167,189.4097087,142.435697
02/12/2017,177.85667,24.350595,127.80973,28.5332725,2.2014825,8.1198525,153.506075,99.2764575,188.241699,141.5736044
03/12/2017,181.4069267,26.98842222,132.34913,30.94220556,2.227886667,8.26257,154.4185045,101.4069244,189.7798058,142.6165326
04/12/2017,177.1294117,22.91734,126.6344333,28.27126667,2.24024,8.156986667,154.2120717,98.36316663,190.4994175,140.463493
11/12/2017,178.28065,25.11319,126.17708,29.48718,2.22713,8.09385,153.16746,96.6899,189.7357282,140.0596537
12/12/2017,176.029685,22.846515,125.228985,26.793345,2.226715,8.21574,153.18317,98.43564,189.7115534,141.9488657
13/12/2017,176.1592425,23.3289,125.545505,26.9230775,2.213025,8.221925,152.8303425,98.6224275,188.9140777,142.6434425
14/12/2017,174.1084875,20.066045,125.0523225,25.6639175,2.2483275,8.239885,154.0424425,99.388405,190.970534,141.3813141
18/12/2017,186.47779,24.101305,141.900015,30.76923,2.28101,8.2711,162.376485,111.130785,192.8743689,140.4571415
19/12/2017,180.91629,22.37856857,133.1964571,28.03942,2.236565714,8.159015714,158.5377214,105.1570371,190.2853814,140.6525464
20/12/2017,180.970638,20.291484,133.719372,26.69719,2.250354,8.285504,160.679154,107.022182,191.0885825,141.9893097
21/12/2017,184.357838,20.690348,142.16736,27.912088,2.284274,8.343058,163.66749,114.255272,193.0645049,141.404392
28/12/2017,180.87023,26.6575075,133.66167,30.3876675,2.2546875,8.3485325,154.2127225,103.2740025,191.3410194,142.7614119
29/12/2017,176.0481733,23.26303222,124.2534167,27.44539556,2.183944444,8.093737778,152.7851411,96.80802114,187.2200647,141.9398801
30/12/2017,172.4647913,20.26086625,122.4708463,24.41621125,2.166885,8.22727375,152.2039251,98.05463505,186.2263107,144.7858423
31/12/2017,175.91927,22.1383925,128.98895,26.25916,2.185025,8.3509875,153.7808775,102.72979,187.2830097,145.8929169
01/01/2018,172.010329,20.027671,120.239457,24.227719,2.212877,8.188243,151.982658,96.011738,188.9054563,142.1306297
02/01/2018,176.2519825,23.10856,126.238905,27.4038475,2.22757,8.2105425,153.1434225,98.8350575,189.7613592,141.8318332
03/01/2018,176.36682,24.112105,124.065965,28.69353,2.24603,8.08619,152.254715,95.372435,190.836699,139.1347149
04/01/2018,175.00456,22.44232,123.19541,26.60765333,2.207853333,8.11969,152.56224,96.58775667,188.6128155,141.2925333
08/01/2018,175.442288,22.688596,124.87684,27.252748,2.25523,8.20899,152.753692,97.624092,191.3726214,140.6140514
09/01/2018,172.84633,19.913755,122.88723,25.02035,2.24982,8.234488333,152.932575,97.86688,191.0574757,141.234707
10/01/2018,175.45848,21.32034875,127.179635,26.32783875,2.26849625,8.31092,154.1381313,100.8517963,192.1454126,141.5936125
11/01/2018,169.7360967,18.05520667,117.9132067,21.75417333,2.232076667,8.139253333,151.68089,96.15903337,190.0238835,140.5431918
15/01/2018,174.9859125,21.824325,124.6504175,25.96917,2.1389725,8.086385,153.1615875,98.6812475,184.6003398,143.8381841
16/01/2018,171.037506,19.265276,120.784166,23.363862,2.198392,8.205496,151.77223,97.420304,188.0616699,143.0355422
17/01/2018,174.82868,21.671808,126.927302,25.830282,2.170078,8.284052,153.156872,101.09702,186.4123107,145.5285152
22/01/2018,175.11841,22.08441,125.61176,26.221,2.25799,8.31094,153.034,99.39076,191.5333981,142.0463566
23/01/2018,172.95135,20.40808333,124.5792667,23.60602333,2.210286667,8.308196667,152.5432667,100.9732434,188.7545631,144.0952241
24/01/2018,169.12955,17.548115,117.553015,22.039075,2.17148,8.053605,151.581435,95.51394,186.4939806,141.8657152
25/01/2018,166.2617333,15.36993667,115.0944633,19.63777,2.148416667,7.971886667,150.8917966,95.4566933,185.1504855,141.6096065
27/01/2018,180.2323586,26.35122714,132.0473071,31.35356714,2.252481429,8.19858,153.8811315,100.69374,191.2125104,140.5732249
28/01/2018,173.8143756,20.92694667,125.4841667,25.51553444,2.167924444,8.096963333,152.8874289,99.96863226,186.2868608,142.7013598
29/01/2018,174.3882,21.03425,127.708145,24.908425,2.253925,8.326745,153.35395,102.79972,191.2966019,142.4628303
01/02/2018,176.033516,21.967028,128.476036,26.367522,2.23139,8.206398,154.066488,102.108514,189.9838835,141.6021696
02/02/2018,177.435625,22.40403833,129.7868733,27.08078833,2.14714,8.14017,155.0315867,102.706085,185.0761165,144.3148555
03/02/2018,177.3613622,22.33326444,129.7587411,26.90951111,2.209803333,8.164424444,155.0280978,102.84923,188.7264077,141.8978793
04/02/2018,172.2986783,19.34909,124.641095,23.55514833,2.210521667,8.222513333,152.9495883,101.0859467,188.7682524,142.7627136
05/02/2018,172.4449167,17.8419,127.5059667,22.57835,2.21217,8.285103333,154.6030167,104.9276167,188.8642718,143.655381
08/02/2018,178.3822425,23.263635,133.4320025,27.8464625,2.2492075,8.3380825,155.1186075,105.58554,191.0217961,142.8406482
09/02/2018,171.290725,18.81485167,123.2523333,23.260075,2.193288333,8.260366667,152.4758733,99.9922583,187.7643689,144.1131805
10/02/2018,171.3456817,19.31572167,122.5515733,23.42796167,2.143586667,8.132516667,152.02996,99.12361163,184.8691262,144.3558602
11/02/2018,172.5786757,19.19332143,125.5629614,24.15838286,2.21476,8.182905714,153.3853543,101.4045785,189.0151456,141.9659037
12/02/2018,171.049285,15.452705,126.662895,21.76435,2.25151,8.345585,155.59658,104.898545,191.1559223,142.8547376
15/02/2018,187.775666,30.313734,140.371298,35.92796,2.228516,8.233998,157.461932,104.443338,189.816466,142.1505679
16/02/2018,181.95425,26.15026,135.67758,31.36447,2.22968,8.26246,155.80399,104.31311,189.8842718,142.5363839
17/02/2018,183.7056613,28.09878,136.021575,33.18834,2.21044875,8.19005375,155.6068813,102.833235,188.7640049,142.2650759
18/02/2018,183.7479357,29.32532,135.8354486,34.58922,2.184811429,8.12786,154.4226157,101.2462286,187.2705687,142.4323044
19/02/2018,176.7692133,22.44100667,130.4365933,28.02198,2.21076,8.277116667,154.3282066,102.4146133,188.7821359,143.5946609
22/02/2018,179.705732,26.081296,131.433368,30.873014,2.209862,8.206124,153.624436,100.560354,188.7298252,142.5388489
23/02/2018,183.877915,28.990925,136.547145,33.959095,2.19757,8.266485,154.88699,102.58805,188.0137864,144.0167835
24/02/2018,184.7420825,30.4832275,137.534985,35.87454,2.2337825,8.2223175,154.258855,101.660445,190.1232524,141.74225
25/02/2018,180.8187071,24.47664429,134.4482314,29.94941714,2.087447143,8.076905714,156.3420628,104.4988143,181.5988627,146.0635144
26/02/2018,177.58579,21.47002,133.670505,27.18254,2.16047,8.256965,156.11577,106.487965,185.8526214,145.5422712
01/03/2018,184.089905,27.51285,136.343985,32.738095,2.208405,8.162155,156.577055,103.60589,188.6449515,141.9241108
02/03/2018,182.0015029,24.05910286,136.4512443,29.79243,2.176384286,8.172447143,157.9424,106.6588143,186.7796671,143.5019374
03/03/2018,181.1517489,24.92147889,135.8038567,29.92809667,2.186207778,8.260715556,156.23027,105.87576,187.3519094,144.4358729
04/03/2018,174.0557545,21.27247818,126.9062073,25.34410091,2.190094545,8.255304545,152.7832763,101.5621064,187.578323,144.1775143
05/03/2018,170.29994,18.43781,123.028065,22.87088,2.1215125,8.126235,151.86213,100.157185,183.5832524,145.2673121
08/03/2018,182.9151,29.989065,129.90759,34.310135,2.305335,8.15303,152.926035,95.597455,194.2913592,137.6627835
09/03/2018,182.61919,28.9708025,133.245035,34.2261925,2.33451,8.2688875,153.6483875,99.0188425,195.9908738,138.1908138
10/03/2018,189.13165,34.46974333,139.96458,39.60113667,2.259946667,8.103526667,154.6619067,100.3634433,191.6473787,138.8096463
11/03/2018,183.8936083,29.930835,133.446725,35.39885833,2.332496667,8.226733333,153.9627733,98.04786667,195.8735923,137.6467288
15/03/2018,178.19232,25.15441,129.42766,29.12088,2.33124,8.34412,153.03791,100.30678,195.8003883,139.4443717
16/03/2018,177.62112,21.980705,126.4999733,27.21306667,2.197606667,8.080956667,155.640415,99.28690663,188.0159223,141.1410622
17/03/2018,178.8430375,25.9116025,128.367685,30.410565,2.294615,8.313005,152.931435,97.95712,193.6668932,140.5125857
18/03/2018,178.957865,27.14775,126.93967,30.173995,2.22742,8.075495,151.810115,96.765675,189.7526214,139.7654432
19/03/2018,177.7487067,25.46258667,125.81001,29.53805667,2.128906667,7.86916,152.28612,96.27195333,184.0139806,140.8582294
22/03/2018,179.5732383,28.33563833,129.6504533,32.07672,2.211621667,8.203933333,151.2376,97.5737333,188.8323301,142.4276841
23/03/2018,173.81405,21.898425,126.18149,26.38889,2.291845,8.279045,151.915625,99.7926,193.505534,140.1185937
24/03/2018,179.5644075,27.4083225,129.1891675,31.868135,2.2910225,8.25338,152.156085,97.3210325,193.4576214,139.7668941
25/03/2018,179.64537,27.39017,130.352195,32.440475,2.2867225,8.16893,152.2552,97.91172,193.2071359,138.6750022
26/03/2018,173.58734,22.11386,121.58385,26.92308,2.30227,8.1861,151.47348,94.66077,194.1128155,138.2856131
02/04/2018,183.5452,32.12472,132.56047,36.66056,2.28331,8.21064,151.42048,95.89991,193.0083495,139.4472597
03/04/2018,180.231795,28.59376167,129.9468517,32.41249667,2.2838,8.26632,151.6380333,97.53435503,193.0368932,140.2667632
04/04/2018,181.653435,29.0758225,134.79819,33.1120275,2.312985,8.383375,152.5776125,101.6861625,194.7369903,140.792959
05/04/2018,183.06428,31.07456,132.6193533,34.97151,2.293043333,8.187866667,151.98972,97.6478433,193.5753398,138.696155
09/04/2018,181.89046,30.08721,135.21629,34.61539,2.31063,8.36473,151.80325,100.6009,194.5998058,140.6131478
10/04/2018,181.5371333,29.06453333,134.21128,32.72283333,2.208873333,8.302436667,152.4726,101.4884467,188.672233,144.0691825
11/04/2018,182.6265517,31.22046833,133.1621033,35.67358667,2.26792,8.225228333,151.4060834,97.48851663,192.1118447,140.3191759
12/04/2018,180.37705,28.03891,132.260145,32.615995,2.279535,8.23213,152.33814,99.64415,192.7884466,139.9309873
17/04/2018,187.0733914,33.50380571,139.2147443,38.61852571,2.289968571,8.253345714,153.5695857,100.5962186,193.3962274,139.8107469
18/04/2018,183.224848,31.447118,135.298736,34.926742,2.280622,8.34879,151.77773,100.371994,192.851767,141.6469473
19/04/2018,179.79799,28.52996333,132.2660333,31.99531833,2.247581667,8.255885,151.2680267,100.270715,190.9270874,141.6575687
20/04/2018,176.383308,24.393584,131.181326,29.01099,2.282176,8.340542,151.989724,102.170336,192.9422913,141.4559794
21/04/2018,179.8107517,27.66007,132.544765,31.720595,2.204673333,8.325795,152.1506817,100.82417,188.4275728,144.6173081
22/04/2018,185.8123625,33.9732925,136.4676475,38.8659975,2.263225,8.1891925,151.83907,97.60165,191.8383495,139.9721018
23/04/2018,182.27322,30.92734,131.31206,35.77534,2.26376,8.16059,151.34588,95.53672,191.8695146,139.5151741
26/04/2018,186.7324775,33.9139125,136.7841725,38.7591625,2.2066925,8.06818,152.818565,98.02501,188.5451942,140.5474879
27/04/2018,185.156354,32.910274,136.42584,37.075704,2.24927,8.302856,152.24608,99.350136,191.0254369,142.300817
28/04/2018,187.180908,35.51153,137.563544,40.299148,2.23059,8.074808,151.669378,97.264396,189.9372816,139.619026
29/04/2018,190.066386,35.883306,145.669986,40.92796,2.299066,8.402728,154.18308,104.742026,193.9261748,141.6722889
30/04/2018,184.125235,32.860155,135.3222867,36.2383,2.236943333,8.243093333,151.26508,99.0839867,190.3073786,141.923082
03/05/2018,189.61845,36.19187333,142.1944467,40.90354,2.2815,8.15051,153.4265767,101.2909067,192.9029126,138.6155821
04/05/2018,185.1116,33.0590625,138.0237525,37.24817,2.269085,8.269575,152.0525375,100.7755825,192.1797087,140.9417308
05/05/2018,186.685855,34.281305,138.7515017,38.10541167,2.212151667,8.182176667,152.40455,100.64609,188.8632039,142.068873
06/05/2018,184.2430067,32.93572667,135.9101817,36.940375,2.256453333,8.29102,151.30728,98.9698067,191.4438835,141.8097118
07/05/2018,179.26997,28.25189,131.49755,32.005495,2.25787,8.209755,151.01808,99.492055,191.5264078,140.5127788
10/05/2018,193.55753,37.28129,149.7644275,43.101345,2.284925,8.3340575,156.27624,106.6630825,193.1024272,141.2408652
11/05/2018,185.251756,33.551756,136.43055,37.808304,2.269832,8.217314,151.7,98.622246,192.2232233,140.1179515
12/05/2018,191.6893267,39.76895333,142.7499567,44.49532333,2.228696667,8.12702,151.9203734,98.25463337,189.8269903,140.5012638
13/05/2018,193.411194,37.948682,147.62741,43.03419,2.2561,8.300148,155.462512,104.59322,191.423301,141.9638477
14/05/2018,180.22983,30.71338,130.4052,34.64591,2.19827,8.21417,149.51645,95.75929,188.0545631,143.175292
21/05/2018,186.44835,33.20039,138.793705,38.50733,2.26346,8.217705,153.24796,100.286375,191.8520388,140.3949797
22/05/2018,190.7530133,35.36745,144.13381,40.80179,2.267526667,8.258536667,155.3855633,103.33202,192.0889321,140.8409636
23/05/2018,189.3824175,36.9544675,142.4741675,41.33089,2.2241575,8.29156,152.42795,101.1432775,189.5625728,143.225397
24/05/2018,186.2814933,34.00519,138.9183533,38.81766667,2.286996667,8.296286667,152.2763033,100.1006866,193.2231068,140.5832987
28/05/2018,193.47754,39.67932,146.9918133,44.78022,2.107706667,8.09862,153.79822,102.2115933,182.7790291,145.4664341
29/05/2018,193.1772167,36.662975,150.1079417,41.85999333,2.268918333,8.37212,156.5142417,108.2479484,192.17,142.503073
30/05/2018,191.39685,35.16396333,146.75037,40.31339167,2.247148333,8.296156667,156.2328867,106.4369783,190.9018446,142.2907314
31/05/2018,185.70636,33.6435225,139.92728,38.21734,2.236935,8.266335,152.0628375,101.70994,190.3068932,142.2791546
02/06/2018,195.4698967,43.51976,148.25789,47.17135,2.226265,8.197651667,151.9501367,101.08654,189.6853398,141.6907357
03/06/2018,187.9931567,35.98511333,142.51637,41.16809,2.243656667,8.2832,152.0080434,101.34828,190.6984466,142.2446052
04/06/2018,199.904115,46.16446,154.540195,50.763125,2.177605,8.128295,153.739655,103.77707,186.8507767,142.7590835
05/06/2018,190.461525,39.62501,144.046455,44.16972,2.26346,8.257845,150.836515,99.876735,191.8520388,141.0043693
07/06/2018,197.1776233,46.16413333,150.2836133,49.9593,2.234116667,8.224443333,151.01349,100.3243133,190.1427185,141.7603027
08/06/2018,187.683808,38.321244,139.127598,41.800978,2.204442,8.16777,149.362564,97.32662,188.4140971,142.1848034
09/06/2018,189.5059089,37.54454,142.1329433,41.41568667,2.218282222,8.33162,151.9613689,100.7172566,189.2203236,144.1010873
10/06/2018,187.59665,36.077045,138.48749,40.689865,2.229365,8.206125,151.519605,97.797625,189.8659223,141.6859572
11/06/2018,182.36156,32.05209,130.2403,35.47009,2.202515,8.12182,150.30947,94.77021,188.3018447,141.5588172
13/06/2018,185.915415,35.54313,136.187935,39.163615,2.247385,8.21358,150.372285,97.02432,190.9156311,141.0206613
14/06/2018,184.979692,34.428786,136.34458,38.162392,2.187414,8.107978,150.550906,98.182188,187.4221748,142.0081158
15/06/2018,186.0685133,33.677385,139.0214,37.78490167,2.257001667,8.328936667,152.3911283,101.2364983,191.4758253,142.362822
16/06/2018,187.4023133,36.66755333,138.02915,40.71021667,2.060123333,7.817663333,150.73476,97.31893333,180.0071844,143.1603593
17/06/2018,187.1819129,35.84836429,138.3886414,40.06628571,2.212575714,8.180075714,151.3335486,98.32235569,188.8879057,142.0178976
18/06/2018,181.098425,28.96442,135.890555,33.775945,2.282425,8.31585,152.134005,102.11461,192.9567961,141.0726281
21/06/2018,191.9881775,40.4970375,143.7152225,44.5512825,2.2225925,8.1021875,151.49114,99.16394,189.4714078,140.3832097
22/06/2018,187.283368,35.979878,139.06164,39.884006,2.219402,8.270744,151.30349,99.177634,189.2855534,143.1147023
23/06/2018,189.339725,38.461005,139.51213,42.460315,2.23225,8.1598,150.87872,97.051815,190.0339806,140.8506399
24/06/2018,185.53677,34.345556,138.376192,37.619048,2.22315,8.301482,151.191214,100.757144,189.5038835,143.4222523
25/06/2018,181.891935,31.4372075,133.63958,35.2182575,2.21803,8.2488175,150.4547275,98.4213225,189.2056311,142.83762
29/06/2018,187.942908,37.499566,139.043978,41.581196,2.226306,8.234312,150.443342,97.462782,189.6877282,142.2518645
30/06/2018,186.9577275,36.18795,138.9261975,40.560135,2.24662,8.135605,150.7697775,98.3660625,190.871068,139.8637163
01/07/2018,193.8596556,40.90592,146.1850533,45.47212,2.23346,8.161435556,152.9537356,100.7129333,190.104466,140.823475
02/07/2018,187.92936,34.009115,139.27953,37.75946,2.192385,8.204845,153.920245,101.52007,187.7117476,143.2920802
05/07/2018,196.1883233,44.89216333,150.1913667,48.72812667,2.21158,8.292036667,151.29616,101.46324,188.8299029,143.7884715
06/07/2018,194.56597,41.7881425,149.811545,46.9017125,2.27353,8.343335,152.7778275,102.9098325,192.4386408,141.868471
07/07/2018,190.45622,39.918662,141.790486,44.725274,2.165674,8.065696,150.537558,97.065212,186.155767,142.3126389
08/07/2018,195.415716,43.085628,148.019598,47.429794,2.227342,8.218962,152.330088,100.589804,189.7480777,141.9709997
09/07/2018,187.89108,36.95643,141.35236,41.20879,2.252805,8.32812,150.93465,100.14357,191.2313592,142.532377
12/07/2018,205.1647233,45.48496333,165.4883467,50.79365,2.256413333,8.417333333,159.67976,114.6946967,191.4415534,143.7331884
13/07/2018,194.4871322,43.14713333,149.18504,47.04924889,2.200523333,8.330028889,151.3399989,102.1357911,188.1858252,144.8686161
14/07/2018,193.7248633,42.81736,147.94383,46.44892,2.227483333,8.312906667,150.9075033,101.49491,189.7563107,143.4068223
15/07/2018,190.6558475,39.715795,144.435115,43.0555575,2.1922075,8.3107975,150.9400525,101.3795575,187.7014078,144.9440717
16/07/2018,188.430492,37.85996,141.812864,41.532356,2.172292,8.187868,150.570532,100.280508,186.5412816,143.9261004
17/07/2018,187.377586,37.661706,138.36088,41.282054,2.144214,8.048226,149.71588,97.078826,184.9056699,142.9995898
18/07/2018,187.338718,37.46227,139.299542,41.019538,2.193446,8.246404,149.876448,98.280004,187.7735534,143.8895517
19/07/2018,186.67801,34.46255,142.14145,38.30891,2.24362,8.31919,152.21546,103.83254,190.6963107,142.7958957
24/07/2018,201.0715625,39.977845,161.0237,46.03938,2.20319,8.1717725,161.0937175,114.98432,188.341165,142.3017593
25/07/2018,198.14535,38.47735833,156.006495,44.07814667,2.21333,8.264393333,159.6679917,111.9283483,188.9318447,143.284731
26/07/2018,197.0323767,37.13145333,153.3752067,42.42979,2.23011,8.26678,159.9009234,110.9454167,189.9093204,142.5838392
30/07/2018,192.902405,41.972655,146.914275,45.78755,2.22707,8.221235,150.92975,101.126725,189.732233,142.0177491
31/07/2018,187.324295,37.189525,140.4852425,41.094325,2.193355,8.2935725,150.13477,99.3909175,187.7682524,144.6252817
01/08/2018,184.847786,35.227298,136.61663,38.650794,2.125772,8.157288,149.620488,97.965836,183.8313786,145.5632409
02/08/2018,185.671035,36.42448,136.23799,40.10989,2.19268,8.21005,149.246555,96.1281,187.728932,143.3597192
06/08/2018,192.28605,41.1286,146.17328,45.35002333,2.19466,8.123026667,151.15745,100.8232567,187.8442718,141.9223525
07/08/2018,188.610495,36.29689,142.275915,40.64408167,2.20267,8.2497,152.313605,101.6318333,188.3108738,143.5299613
08/08/2018,190.6219875,35.96565,144.21723,41.178265,2.1587,8.2479825,154.6563375,103.038965,185.7495146,145.4822106
09/08/2018,190.0895467,36.44574,145.1761167,41.03581667,2.190773333,8.235436667,153.6438067,104.1403,187.6178641,143.8386951
13/08/2018,190.3643533,39.79382,147.1920333,43.26414667,2.19317,8.356223333,150.5705333,103.9278866,187.7574757,145.605465
14/08/2018,188.39988,38.247832,142.20623,42.124544,2.16605,8.259908,150.152048,100.081686,186.1776699,145.3342094
15/08/2018,187.0853083,36.75882833,140.7409133,40.91371667,2.15352,8.243943333,150.32648,99.82719663,185.447767,145.6554904
16/08/2018,188.0402733,38.42043333,140.33753,42.02279333,2.1757,8.243813333,149.61984,98.31473667,186.7398058,144.6456832
19/08/2018,189.54877,39.5779,143.684305,43.147135,2.189325,8.263735,149.97087,100.53717,187.5334951,144.3429135
20/08/2018,187.4523725,37.053595,141.3450025,40.9340675,2.1673875,8.2578975,150.3987775,100.410935,186.2555825,145.2419749
21/08/2018,189.4000725,38.0443725,145.2286275,42.0100725,2.1960075,8.3708125,151.3557,103.218555,187.922767,145.7035128
22/08/2018,190.288785,39.36590667,145.6158083,43.54396,2.193405,8.321641667,150.9228783,102.0718483,187.771165,145.0584346
23/08/2018,192.009674,38.01817,148.291654,42.65568,2.202182,8.36579,153.991504,105.635974,188.2824466,145.3474773
27/08/2018,190.69707,39.2338975,146.156105,43.49054,2.2208575,8.3141825,151.4631725,102.665565,189.3703398,143.7187342
28/08/2018,189.9311143,39.40656714,143.1610471,43.80342,2.199335714,8.15823,150.5245472,99.3576271,188.1166435,142.2619203
29/08/2018,189.9824271,38.95761857,144.2984129,43.86447,2.238147143,8.225557143,151.0248085,100.4339429,190.3775035,141.6025157
30/08/2018,186.65445,32.92559,143.03065,37.60684,2.23949,8.45326,153.72886,105.42381,190.4557282,145.0265944
06/09/2018,194.11941,42.93971667,146.5639,47.50712,2.230623333,8.245446667,151.1796933,99.05678,189.9392233,142.2342558
07/09/2018,191.0600643,39.16765143,146.4217271,43.43276143,2.209982857,8.335454286,151.8924129,102.9889657,188.7368655,144.5293802
08/09/2018,191.3340333,37.19732222,145.36194,41.62257667,2.140576667,8.17642,154.1367111,103.7393633,184.6937864,145.1852607
09/09/2018,194.40235,37.83090714,149.0228671,43.48944857,2.188598571,8.267031429,156.5714429,105.5334185,187.4911789,144.4267004
10/09/2018,188.91573,31.8028,142.90109,37.97314,2.20616,7.99668,157.11293,104.92795,188.5141748,139.4659102
11/09/2018,194.76324,35.81499,152.78241,42.39927,2.28672,8.38612,158.94825,110.38314,193.2069903,141.9492752
16/09/2018,186.97539,37.848575,137.43046,41.941395,2.24338,8.208775,149.126815,95.489065,190.6823301,141.1198058
17/09/2018,187.79687,35.3355525,142.1547075,40.23962,2.2906375,8.3535875,152.4613175,101.9150875,193.4351942,141.2919582
18/09/2018,188.794025,37.16547833,141.6242233,41.91595833,2.252411667,8.29655,151.6285467,99.70826497,191.2084466,142.0685603
19/09/2018,188.82739,36.49547,143.6234533,41.36141667,2.26301,8.380563333,152.33192,102.2620366,191.8258252,142.8869535
20/09/2018,182.06123,29.79277,136.66492,34.82906,2.27612,8.38691,152.26846,101.83586,192.5895146,142.416337
25/09/2018,189.363272,38.857514,143.59126,42.661784,2.183104,8.175778,150.505758,100.929476,187.1711068,143.2536575
26/09/2018,183.9102967,33.85404333,136.3174867,38.42084,2.241806667,8.26691,150.0562534,97.8966467,190.5906796,142.0760905
27/09/2018,180.21216,30.35024,130.631915,35.363245,2.083975,7.92798,149.86192,95.26867,181.3966019,143.8351303
01/10/2018,183.848465,34.884575,134.701025,38.87363,2.19839,8.212305,148.96389,95.827395,188.0615534,143.1410858
02/10/2018,187.47594,37.882925,138.723035,42.46032,2.274295,8.15568,149.593015,96.262715,192.4832039,138.9960642
03/10/2018,184.243995,32.34521833,140.3188867,36.83862667,2.257338333,8.34595,151.8987767,103.48026,191.4954369,142.6070129
04/10/2018,179.5987517,29.81534667,132.1678867,33.86752167,2.222928333,8.239723333,149.783405,98.30036503,189.4909709,142.4827476
08/10/2018,188.15902,38.3118225,141.5702475,42.65873,2.25569,8.2380725,149.8471975,98.9115175,191.3994175,141.0369283
09/10/2018,183.471585,32.2905825,138.65679,36.614775,2.250655,8.29475,151.1810025,102.042015,191.1061165,142.1171992
10/10/2018,183.16635,32.43551333,136.5314467,37.22019,2.21814,8.188456667,150.7308367,99.3112567,189.2120388,141.9036228
11/10/2018,185.21956,32.42766,140.3237967,37.70859,2.25202,8.327433333,152.7919,102.6152067,191.1856311,142.5560072
15/10/2018,181.3153233,32.44532667,134.4821567,36.15181,2.216726667,8.159276667,148.8699966,98.3303467,189.1297088,141.5160192
16/10/2018,182.083608,31.378416,136.537722,35.463982,2.232712,8.283972,150.705192,101.07374,190.0608932,142.733591
17/10/2018,181.8649422,31.31796,135.7600178,35.53792222,2.224001111,8.246016667,150.5469822,100.2220956,189.5534628,142.5324754
18/10/2018,181.068985,28.75243,139.886065,33.348595,2.24126,8.41331,152.316555,106.53747,190.558835,144.337503
22/10/2018,185.27649,35.76592,139.58574,39.98779,2.22948,8.31016,149.51057,99.59795,189.8726214,143.2768417
23/10/2018,183.206595,32.73052,139.2037063,36.43544125,2.2380225,8.3232375,150.476075,102.7682651,190.3702427,143.1024037
24/10/2018,181.498855,33.740195,132.5428,36.85898,2.17213,8.155285,147.75866,95.68382,186.5318447,143.4246111
25/10/2018,179.4407433,30.05122333,133.58707,33.57753667,2.138716667,8.11341,149.38952,100.0095333,184.5854369,144.2762317
29/10/2018,181.3663567,33.06953333,135.3222933,36.10093667,2.216923333,8.279276667,148.2968234,99.22135663,189.141165,143.3553508
30/10/2018,180.2051,30.733794,134.821742,34.23077,2.208448,8.24283,149.471306,100.590972,188.6474563,143.1678075
31/10/2018,178.444065,28.71023,133.40109,32.6846775,2.2260375,8.25775,149.733835,100.7164125,189.6720874,142.6235109
01/11/2018,175.866275,24.695085,131.01173,29.38034,2.239615,8.260595,151.17119,101.63139,190.4630097,142.074755
05/11/2018,189.857925,30.93666,148.8722875,37.0192325,2.263845,8.314625,158.921265,111.853055,191.874466,141.8497986
06/11/2018,189.2528575,29.819275,147.0754838,36.4392575,2.2369325,8.20605125,159.4335825,110.6362263,190.3067476,141.3566281
07/11/2018,180.47127,26.68941,136.92403,31.71551,2.22183,8.24479,153.78186,105.20852,189.4269903,142.6087772
08/11/2018,181.17498,31.697785,136.65609,35.56166,2.219,8.252255,149.477195,101.09443,189.2621359,142.8478763
09/11/2018,179.6615683,29.68808667,135.6550033,33.72507167,2.184748333,8.247215,149.9734816,101.9299316,187.2668932,144.2914661
10/11/2018,178.9529533,28.16584833,136.4823733,32.70757167,2.205143333,8.347551667,150.787105,103.7748016,188.4549514,144.9325532
11/11/2018,180.450072,29.460256,136.173802,34.108672,2.197588,8.25767,150.989816,102.06513,188.014835,143.8794233
12/11/2018,173.97599,24.129765,128.394185,28.571425,2.130905,7.993345,149.846225,99.82276,184.1303883,142.7335684
15/11/2018,186.86057,35.69722,144.6265,40.56777,2.26376,8.33842,151.16335,104.05873,191.8695146,142.2146726
16/11/2018,180.0988075,29.415405,136.94905,34.134615,2.23661,8.3458825,150.6834025,102.814435,190.2879612,143.5108951
17/11/2018,179.878862,30.274082,133.62162,34.029306,2.208776,8.230974,149.60478,99.592314,188.6665631,142.9702764
18/11/2018,179.2199167,29.823855,134.2799833,33.17562167,2.186338333,8.21018,149.3960617,101.1043616,187.3595145,143.6444031
19/11/2018,177.01654,28.98536333,130.3953767,31.92918333,2.16522,8.01834,148.0311767,98.46619337,186.1293204,141.5918153
22/11/2018,176.3785967,27.64992667,130.6309267,31.33903333,2.16781,8.112036667,148.72867,99.29189337,186.2801942,142.942149
23/11/2018,175.6380875,25.131835,134.518475,29.7542725,2.231045,8.3758675,150.5062525,104.7642025,189.9637864,144.2155429
24/11/2018,179.443094,28.838798,136.687302,33.479856,2.241498,8.2974,150.604296,103.207446,190.572699,142.5554899
25/11/2018,175.9153467,24.61722667,132.02852,29.61945333,2.2139,8.277706667,151.29812,102.4090667,188.9650485,143.4647595
26/11/2018,173.0553867,23.59258333,126.7855833,28.22547667,2.13978,8.014676667,149.4628034,98.56010663,184.6473786,142.6704167
29/11/2018,177.930275,27.58548,133.794165,31.97497,2.15988,8.150475,150.344795,101.819195,185.8182524,143.9000056
30/11/2018,175.021245,26.3375575,130.10339,30.52503,2.21959,8.26133,148.6836875,99.57836,189.2965049,142.9615736
01/12/2018,176.784918,26.983846,134.461358,31.398048,2.21801,8.344158,149.801072,103.06331,189.204466,144.3061752
02/12/2018,172.256482,23.36855,127.66928,26.98413,2.17168,8.272236,148.887932,100.68515,186.5056311,145.2711701
03/12/2018,174.574288,26.188078,127.597438,29.5116,2.160116,8.056904,148.38621,98.085838,185.832,142.4227834
04/12/2018,168.88223,20.057705,125.973915,24.23688,2.190025,8.299465,148.824525,101.737035,187.5742718,144.8663442
06/12/2018,174.738585,27.08101,130.361025,31.288155,2.199215,8.22487,147.657575,99.07287,188.1096117,143.299068
07/12/2018,174.755656,24.578884,133.287138,28.59585,2.209836,8.317542,150.176772,104.691288,188.7283107,144.2594934
08/12/2018,175.13607,23.38543,130.605412,28.064716,2.191252,8.253784,151.75064,102.540696,187.6457476,144.1021069
09/12/2018,176.1410833,25.42300167,133.04531,30.011195,2.175776667,8.232396667,150.7180816,103.034115,186.7442719,144.46416
10/12/2018,175.7857967,26.26149667,131.62023,29.70085667,2.180726667,8.30198,149.5243,101.9193733,187.0326214,145.3250458
17/12/2018,181.3761733,26.92037667,136.72381,32.61091,2.225126667,8.22765,154.4557966,104.1129,189.6190291,142.2010715
18/12/2018,175.7102275,25.80659,131.344445,29.47955,2.1367975,8.1302575,149.9036375,101.864895,184.4736408,144.6296692
19/12/2018,171.951439,22.820701,126.9061,26.681929,2.195141,8.268722,149.130738,100.224171,187.8722913,144.1599298
20/12/2018,169.656595,22.517235,123.27393,25.10684,2.084505,8.02328,147.13936,98.16709,181.4274757,145.3405918
24/12/2018,174.23215,24.560625,131.314995,28.28144,2.203105,8.256375,149.671525,103.033555,188.3362136,143.6138789
25/12/2018,171.104644,21.75307,128.62208,25.897438,2.207036,8.312946,149.351574,102.724642,188.5652039,144.3132854
26/12/2018,170.1041425,20.7967425,126.763005,24.9694775,2.1799575,8.22011,149.3074,101.7935275,186.9878155,144.0846179
27/12/2018,165.6375267,16.86829667,124.1061967,21.33699667,2.193603333,8.32573,148.76923,102.7692,187.7827184,145.1129223
31/12/2018,171.69705,22.62421,125.73542,27.53358,2.18461,8.15332,149.07284,98.20184,187.258835,142.8372338
01/01/2019,174.0746263,24.263,130.9889163,28.50274875,2.21374625,8.28574625,149.8116263,102.4861676,188.9560922,143.5954839
02/01/2019,173.4636667,23.29749,128.9918967,28.29670667,2.185943333,8.2145,150.1661767,100.69519,187.3365048,143.7292117
03/01/2019,169.697815,19.61703,128.95656,24.420025,2.21158,8.34274,150.080785,104.536535,188.8299029,144.5705489
10/01/2019,173.93281,24.67349667,128.5757567,28.79527667,2.20369,8.20187,149.2593133,99.78048003,188.3702913,142.7451302
11/01/2019,172.6470967,23.16597667,129.4149,27.01465333,2.192386667,8.259678333,149.48112,102.4002467,187.7118447,144.1428248
12/01/2019,171.3041857,21.94812857,127.55083,25.50584429,2.168411429,8.245131429,149.3560571,102.0449857,186.3152289,144.9959087
13/01/2019,171.1998686,21.35981571,129.1147186,25.36630143,2.130975714,8.22878,149.8400529,103.7484172,184.1345076,146.4544628
14/01/2019,170.3396925,20.388455,128.759285,24.87027,2.1831675,8.3013275,149.9512375,103.889015,187.1748058,145.2044984
17/01/2019,175.5109867,26.01874667,131.8459667,30.21977667,2.107823333,8.142916667,149.49224,101.62619,182.7858252,146.1668758
18/01/2019,173.9818789,23.11734,133.5393078,27.28937778,2.192034444,8.351402222,150.8645389,106.24993,187.6913268,145.5819667
19/01/2019,171.1611733,22.01178333,127.2134933,26.20065,2.177116667,8.141283333,149.14939,101.0128433,186.8223301,142.9833131
20/01/2019,169.400439,20.465401,127.687536,24.578758,2.184566,8.285505,148.935038,103.108778,187.2562718,144.8952207
21/01/2019,171.858985,22.417125,130.39194,25.8699625,2.19683,8.4046725,149.44186,104.5219775,187.9706796,146.1910373
24/01/2019,171.8128633,23.02399333,128.32254,27.11640333,2.184023333,8.270836667,148.78887,101.2061367,187.2246602,144.6914926
25/01/2019,171.549825,22.68212,127.543265,27.06044,2.18326,8.352555,148.867705,100.482825,187.1801942,145.997445
26/01/2019,174.4816825,25.32076625,129.6072675,29.8458475,2.1613075,8.19719375,149.1609163,99.76142,185.9014078,144.5676067
27/01/2019,171.7186367,22.35922,127.2213433,27.02482667,2.168356667,8.158226667,149.3594167,100.1965166,186.3120389,143.6398067
28/01/2019,171.069905,21.67122,128.82406,26.724665,2.18638,8.32998,149.398685,102.099395,187.3619417,145.5048844
31/01/2019,173.448945,24.70098,130.46702,28.357755,2.1852,8.27924,148.747965,102.109265,187.2932039,144.7692212
01/02/2019,172.815905,22.195805,131.4975525,26.28205,2.1677125,8.3636,150.6201,105.2155025,186.2745146,146.8799962
02/02/2019,173.7679183,23.33904167,132.7008183,28.30179,2.119366667,8.241915,150.4288766,104.3990283,183.4582524,147.2028503
03/02/2019,172.8640017,23.15747167,131.794935,27.48779167,2.163668333,8.32511,149.70653,104.3071433,186.038932,146.4633929
04/02/2019,169.58298,18.97581,130.1244967,23.52462667,2.188143333,8.43258,150.60717,106.59987,187.4646602,147.019244
07/02/2019,170.1679333,22.34220667,124.7794767,26.62800333,2.198703333,8.228043333,147.8257266,98.15147337,188.0798058,143.3709198
08/02/2019,167.6259633,18.7793,123.6056567,23.58228222,2.151635556,8.184401111,148.8466633,100.0233745,185.3379936,144.8060431
09/02/2019,170.3485229,20.52305429,128.2196286,25.11774,2.175022857,8.238118571,149.8254686,103.1018886,186.7003606,144.5874021
10/02/2019,174.73143,24.81706857,132.9819343,29.69649429,2.180777143,8.338734286,149.9143614,103.28544,187.0355617,145.8951193
14/02/2019,173.88324,23.4182125,130.9013175,27.5869975,2.170215,8.2514175,150.4650275,103.31432,186.4202913,145.0124054
15/02/2019,172.6578917,23.16270667,128.8505617,27.78286833,2.161821667,8.256015,149.495185,101.0676934,185.9313592,145.4657554
16/02/2019,175.0977925,24.64209,133.3289525,29.6779625,2.1884375,8.33489,150.4557025,103.65099,187.4817961,145.4881445
17/02/2019,175.3676967,25.96814556,130.7042078,30.47076556,2.140511111,8.171882222,149.3995511,100.2334422,184.6899676,145.1167004
18/02/2019,169.8578,21.61265667,128.3480567,25.46805333,2.150616667,8.223266667,148.2451433,102.8800034,185.2786408,145.4634059
21/02/2019,171.57927,23.64297,125.15244,27.83883,2.14257,8.1757,147.9363,97.31361,184.8099029,145.0826932
22/02/2019,172.5568,24.15725,128.2896575,28.4264375,2.1521625,8.1953775,148.39955,99.86322,185.3686893,144.9545317
23/02/2019,172.0938,23.64174,128.4089088,28.07158375,2.1219125,8.152365,148.45206,100.3373251,183.6065534,145.6633869
24/02/2019,173.045564,23.444712,130.223822,28.247866,2.114606,8.170596,149.600852,101.975956,183.180932,146.2917135
25/02/2019,171.617545,22.64777,131.076505,26.99939,2.128195,8.3449,148.969775,104.077115,183.9725243,148.4218042
28/02/2019,183.293445,29.4252175,144.74722,35.2335175,2.1537825,8.35732,153.8682275,109.5137025,185.4630583,147.4240153
01/03/2019,176.6082557,26.38599857,136.9358071,31.35793,2.109877143,8.230071429,150.2222571,105.5778771,182.9054646,147.4591363
02/03/2019,167.1767025,20.53689875,123.379925,24.96184625,2.0781425,8.02663875,146.6398038,98.41807875,181.0568447,145.6921417
03/03/2019,169.57121,21.37829909,126.5212982,25.71872636,2.121912727,8.197271818,148.1929109,100.8025718,183.6065666,146.3757505
04/03/2019,165.62281,19.161635,124.210235,22.130645,2.13191,8.310845,146.461175,102.07959,184.188932,147.7089006
07/03/2019,175.45112,27.205655,132.16298,31.19658,2.11601,8.22281,148.245465,100.9664,183.2627184,147.0562713
08/03/2019,170.24606,22.672108,127.655144,26.4652,2.105138,8.169696,147.573952,101.189944,182.6293981,146.7191556
09/03/2019,166.8722033,19.15149333,125.8394517,23.280425,2.11893,8.281335,147.72071,102.5590267,183.4328155,147.84919
10/03/2019,168.83512,21.155465,127.5005675,25.2365725,2.1343225,8.22924,147.679655,102.263995,184.329466,146.3068319
11/03/2019,163.21725,15.61857,121.9784,19.96337,2.14798,8.25775,147.59868,102.01503,185.1250485,146.1266276
14/03/2019,176.2784867,27.08526,135.5539167,32.01058333,2.150343333,8.335876667,149.1932267,103.5433334,185.2627184,147.2463141
15/03/2019,170.34853,22.233595,127.734645,28.0525,2.115595,8.158815,148.114935,99.682145,183.2385437,146.0584563
16/03/2019,177.8110325,29.2456125,135.4871775,33.997255,2.11224,8.1545975,148.56542,101.4899225,183.0431068,146.1472946
17/03/2019,176.27613,28.3253,134.853546,32.460316,2.09826,8.15234,147.95083,102.39323,182.2287379,146.7643354
18/03/2019,172.9415333,25.04317667,129.86146,29.10053,2.107743333,8.25278,147.8983566,100.76093,182.781165,147.9212768
21/03/2019,175.836828,26.90729,131.79258,31.263738,2.078544,8.116538,148.929538,100.528842,181.080233,147.1193266
22/03/2019,173.8918643,25.69505143,129.8684757,30.48142143,2.101497143,8.180045714,148.1968129,99.38705427,182.4173093,147.0549915
23/03/2019,178.413744,29.293408,137.167824,34.163616,2.134696,8.267956,149.120336,103.004208,184.3512233,146.9012505
24/03/2019,179.953066,31.893092,136.107852,36.666668,2.110058,8.137894,148.059974,99.441184,182.916,145.9828767
25/03/2019,176.81829,28.34414333,136.73559,33.30280667,2.152343333,8.282743333,148.4741467,103.4327833,185.3792233,146.3189599
28/03/2019,175.094845,26.68156,131.688935,30.982905,2.09169,8.19641,148.413285,100.70603,181.8460194,147.7790876
29/03/2019,176.46693,27.68068,134.1406133,31.93935667,2.134046667,8.356683333,148.78625,102.2012566,184.3133981,148.3335159
30/03/2019,176.2658671,27.25248143,133.29656,31.84197,2.141674286,8.272948571,149.0133857,101.45459,184.7577254,146.6567455
31/03/2019,177.6707586,27.83687143,135.24826,32.79260429,2.14068,8.278612857,149.8338872,102.4556557,184.6998058,146.7920581
01/04/2019,181.1582933,31.01109,138.42958,35.89743667,2.14394,8.342676667,150.1472033,102.5321433,184.8897087,147.6505017
04/04/2019,188.72336,37.03134333,145.5157033,41.56492,2.087173333,8.099603333,151.6920167,103.9507833,181.5829126,146.4404183
05/04/2019,184.12902,33.82151714,140.6928214,38.57491857,2.167417143,8.282595714,150.3075029,102.1179028,186.2573093,145.6268497
06/04/2019,184.218866,34.077816,141.213388,38.64469,2.17175,8.332458,150.14105,102.568698,186.5097087,146.2084485
07/04/2019,183.917366,32.872586,141.105036,37.710622,2.150904,8.252018,151.04478,103.394414,185.2953786,145.9022026
08/04/2019,180.39472,30.666275,136.815085,35.576925,2.13444,8.192875,149.728445,101.23816,184.3363107,145.7268111
11/04/2019,180.405316,31.292834,136.377554,35.360198,2.10933,8.13055,149.112482,101.017356,182.8735922,145.8997621
12/04/2019,180.053168,29.490092,137.36097,34.139194,2.172294,8.289274,150.563076,103.221776,186.5413981,145.5093442
13/04/2019,176.91006,27.30723625,134.2299288,31.58195875,2.13546875,8.21422125,149.6028238,102.6479701,184.3962379,146.0166247
14/04/2019,177.38675,26.47231,137.026492,30.390722,2.105302,8.216138,150.91444,106.63577,182.6389515,147.4521115
15/04/2019,175.94577,24.6700625,134.43603,28.8995725,2.15411,8.255495,151.2757075,105.5364575,185.4821359,145.8098966
18/04/2019,184.6522733,34.39973667,142.2160467,38.74644,2.18045,8.34379,150.2525366,103.4696067,187.0165049,145.9887243
19/04/2019,185.349504,35.738438,141.342942,40.360196,2.167934,8.294182,149.611066,100.982746,186.2874175,145.7844658
20/04/2019,183.49612,33.07018667,141.2375317,37.61701333,2.150808333,8.336101667,150.4259333,103.6205184,185.2898058,147.2283251
21/04/2019,181.840405,32.047835,138.124345,37.07773667,2.120581667,8.11665,149.79257,101.0466083,183.5290291,145.1581163
22/04/2019,183.591325,34.04967833,140.5181233,38.72100333,2.150968333,8.264718333,149.5416467,101.79712,185.2991262,146.0988818
23/04/2019,181.607795,31.180555,140.863595,35.68376,2.173185,8.361785,150.42724,105.179835,186.593301,146.6007271
25/04/2019,176.998092,27.665372,134.739306,32.191698,2.176888,8.29787,149.33272,102.547608,186.8090097,145.4349201
26/04/2019,175.1235588,26.03355,132.33817,30.22741125,2.1413,8.26906125,149.0900088,102.1107588,184.7359223,146.6127653
27/04/2019,177.356124,27.655946,135.549594,32.112332,2.16308,8.259162,149.700178,103.437262,186.0046602,145.4577085
28/04/2019,179.4005,31.004875,135.1407183,34.98168667,2.127353333,8.167618333,148.395625,100.1590316,183.9234951,145.6539285
29/04/2019,175.14196,24.645035,136.862195,29.090355,2.146275,8.37611,150.496925,107.77184,185.0257282,148.0682561
06/05/2019,189.0727567,35.10965333,147.3628,40.03866667,2.11579,8.156656667,153.9631034,107.3241333,183.2499029,146.0150974
07/05/2019,186.3886143,32.89642143,145.7546157,37.89028429,2.128668571,8.297765714,153.4921929,107.8643314,184.0001109,147.6534417
08/05/2019,180.0826167,28.73934333,137.6228233,33.32316333,2.047286667,7.99655,151.3432734,104.29966,179.2594175,146.6641067
09/05/2019,181.195586,30.57205,139.198262,34.175826,2.081842,8.189244,150.623536,105.022436,181.2723495,148.1316211
13/05/2019,187.652002,35.385116,145.595788,40.158734,2.133264,8.248838,152.266886,105.437054,184.2678058,146.6655644
14/05/2019,180.3711629,28.75130429,138.9892929,34.03104714,2.129527143,8.210162857,151.6198586,104.9582458,184.0501248,146.2269897
15/05/2019,189.675375,36.77191667,149.5445817,41.71245333,2.126041667,8.35282,152.9034583,107.8321284,183.8470874,148.6485444
16/05/2019,180.78337,29.74566,137.81323,35.31746,2.1355,8.10876,151.03771,102.49577,184.3980583,144.3493919
20/05/2019,178.5162,27.7592,137.74257,32.66179,2.07496,8.28916,150.757,105.08078,180.8714563,150.068922
23/05/2019,187.38466,34.30944,146.725835,39.51465,2.116595,8.29838,153.07522,107.211185,183.2967961,148.2297531
24/05/2019,187.465918,34.617616,145.740654,39.749696,2.14544,8.275532,152.848302,105.990958,184.9770874,146.5235054
25/05/2019,183.6453,33.3049175,140.22025,37.7976175,2.102815,8.1727075,150.3403825,102.4226325,182.4940777,146.8760125
26/05/2019,186.4862,34.49451143,146.1685114,39.81336286,2.09263,8.180494286,151.9916886,106.3551485,181.9007767,147.4797572
27/05/2019,188.13168,35.90304714,147.9183057,41.20007143,2.100082857,8.236858571,152.2286329,106.7182343,182.3349237,148.0289659
28/05/2019,183.568745,33.228855,142.52422,38.003665,2.03327,7.96714,150.33989,104.520555,178.4429126,146.8551581
30/05/2019,195.2873433,41.39490333,156.0231733,46.29629667,2.1227,8.372253333,153.89244,109.7268766,183.6524272,149.1143041
31/05/2019,187.9764717,35.370395,147.2175483,40.02849333,2.121836667,8.257321667,152.6060767,107.189055,183.6021359,147.3318996
01/06/2019,189.2032917,36.54225333,147.4933383,41.52421667,2.077436667,8.112688333,152.6610384,105.9691216,181.0157282,147.1098097
02/06/2019,188.7935325,36.6865275,149.01656,40.9340675,2.12116,8.2875875,152.107005,108.0824925,183.5627184,147.8437702
03/06/2019,185.2470443,33.23207857,145.50308,38.29583429,2.125671429,8.30999,152.0149657,107.2072457,183.8255201,147.9873651
04/06/2019,190.7677325,38.1749075,150.43575,43.5897475,2.0333575,8.2767875,152.592825,106.8460025,178.4480097,151.9050176
05/06/2019,191.0499743,39.66931571,148.1866643,44.61015286,2.058238571,8.019982857,151.3806586,103.5765114,179.8973925,146.5233765
06/06/2019,191.8277117,39.83177,150.2325817,45.06512167,2.130985,8.277148333,151.9959417,105.16746,184.1350485,147.2191158
07/06/2019,194.192046,41.64053,152.03454,46.69719,2.130366,8.256414,152.551516,105.33735,184.0989903,146.9199137
08/06/2019,187.7065733,35.60430667,145.4999967,41.59544,2.11603,8.163986667,152.1022666,103.9045567,183.2638835,146.1204545
09/06/2019,186.343526,33.991842,145.672342,39.200246,2.09289,8.155128,152.351684,106.472096,181.9159223,147.0613438
10/06/2019,181.04248,30.559295,137.79262,34.8138,2.094455,8.22379,150.483185,102.97882,182.0070874,148.0864663
11/06/2019,195.081235,42.60668,155.18501,47.00855,2.0931,8.280225,152.474555,108.17646,181.9281553,149.054225
13/06/2019,192.1270533,41.28694333,150.5172033,46.22507333,2.03472,8.05269,150.84011,104.29213,178.5273786,148.1813999
14/06/2019,191.8816967,39.93908,147.2450267,44.08832333,2.11909,8.12342,151.9426167,103.1567034,183.4421359,145.3343664
15/06/2019,193.95648,36.58446,156.46288,43.10135,2.21429,8.39378,157.37202,113.36153,188.987767,145.2364
16/06/2019,196.04258,42.590975,151.6385225,47.344325,2.16106,8.24592,153.451605,104.2941975,185.8869903,145.3423001
17/06/2019,187.031335,33.54096,142.23862,38.904155,2.125665,8.09365,153.490375,103.334465,183.8251456,144.559863
20/06/2019,190.21124,34.55677,149.61426,39.49939,2.18968,8.35668,155.65447,110.11487,187.5541748,145.7703871
21/06/2019,187.9882475,35.3105275,148.9370575,39.7130675,2.18635,8.368015,152.67772,109.22399,187.3601942,146.0975174
22/06/2019,193.50642,38.98790429,151.4296814,43.53741571,2.196878571,8.301662857,154.5185157,107.8922657,187.973509,144.5927179
23/06/2019,193.563122,39.345884,151.294908,43.9011,2.192504,8.257828,154.217238,107.393808,187.7186796,144.1088669
24/06/2019,190.023988,35.921778,148.445938,40.494506,2.194434,8.305762,154.10221,107.951432,187.8311068,144.7659031
27/06/2019,199.692126,43.280348,158.516864,48.25397,2.213514,8.34015,156.411778,110.262894,188.9425631,144.4444205
28/06/2019,196.6579488,41.478735,154.4827838,46.83684125,2.19429875,8.189415,155.1792138,107.6459426,187.8232282,142.9677538
29/06/2019,192.768435,37.45451875,152.3584188,43.0555575,2.20417625,8.30009875,155.3139163,109.3028613,188.3986165,144.2422742
30/06/2019,187.60607,33.840696,146.440236,39.126986,2.195116,8.276042,153.765374,107.31325,187.870835,144.2745315
01/07/2019,182.40277,29.90466,139.67996,35.22589,2.19721,8.15764,152.49811,104.45407,187.9928155,142.346485
04/07/2019,193.347,37.92316,154.96124,43.00977,2.153755,8.29171,155.42384,111.95147,185.4614563,146.3949016
05/07/2019,191.545052,38.332824,150.829702,42.854092,2.160434,8.21792,153.212228,107.97561,185.8505243,144.9320061
06/07/2019,189.4145857,37.06817571,146.9449814,41.40502714,2.15411,8.227321429,152.34641,105.5399543,185.4821359,145.3674878
07/07/2019,192.2318225,39.17844625,148.7037188,43.948415,2.13017,8.06884375,153.0533763,104.7553038,184.0875728,143.9613019
08/07/2019,190.0552025,37.896175,146.5521225,41.8498175,2.132615,8.1445875,152.1590275,104.702305,184.23,145.0474923
09/07/2019,185.83885,33.88447,144.108295,38.12577,2.11854,8.250585,151.95438,105.982525,183.4100971,147.3791821
11/07/2019,190.691175,34.90126,147.821145,40.125155,2.154995,8.19837,155.789915,107.69599,185.5336893,144.8725979
12/07/2019,193.798965,38.901185,152.2126725,43.490535,2.17157,8.3346975,154.89778,108.7221375,186.4992233,146.2516437
13/07/2019,190.6720475,35.8802625,148.953255,40.7280225,2.160115,8.3102575,154.791785,108.2252325,185.8319417,146.3937429
14/07/2019,192.7080743,38.57064429,150.96447,43.49817,2.141,8.25528,154.13743,107.4663,184.7184466,146.4093346
15/07/2019,186.6387433,33.16375333,144.3085067,37.72894,2.14987,8.269786667,153.47499,106.5795667,185.2351456,146.2290387
18/07/2019,199.5678044,38.86165667,161.6802956,44.53263,2.174376667,8.311184444,160.7061477,117.1476656,186.6627185,145.7566543
19/07/2019,194.1532717,37.10430333,152.5233033,42.4323375,2.1316725,8.212011667,157.0489684,110.0909658,184.1750971,146.157005
20/07/2019,192.30091,38.44754,151.1470243,43.77725571,2.140328571,8.224604286,153.85337,107.3697686,184.6793342,145.956548
21/07/2019,193.2432163,39.12324,152.2899625,44.43681375,2.1670325,8.2010225,154.1199763,107.8531488,186.2349029,144.3686059
22/07/2019,186.20691,34.83943,144.59117,39.74359,2.14951,8.27149,151.36748,104.84758,185.2141748,146.2723816
25/07/2019,194.70436,39.86056,152.06987,45.14652,2.16165,8.19317,154.8438,106.92335,185.9213592,144.4890574
26/07/2019,192.1319617,38.35075333,150.47402,43.43711833,2.173051667,8.18054,153.7812084,107.0369017,186.585534,143.7775746
27/07/2019,192.080925,37.581125,150.1633925,42.7350475,2.1406825,8.1561675,154.4998,107.428345,184.6999515,144.8610433
28/07/2019,194.8672767,40.82631667,151.6596233,46.79487333,2.153246667,8.082263333,154.04096,104.86475,185.4318447,143.1284516
29/07/2019,195.8310711,40.59774333,155.4716033,46.34717222,2.184141111,8.295633333,155.2333278,109.1244311,187.231521,145.0719339
30/07/2019,194.642525,39.29622,156.365705,45.177045,2.20905,8.33597,155.346305,111.18866,188.6825243,144.5789661
31/07/2019,199.8471944,40.57353333,160.4246889,46.67955556,2.150625556,8.104794444,159.2736611,113.7451333,185.2791586,143.600595
01/08/2019,191.44396,36.44509167,151.1286533,41.17318,2.091336667,8.31572,154.9988683,109.9554733,181.8254369,149.7070165
02/08/2019,191.368385,38.27697875,147.0673875,42.75030875,2.0744475,8.08950375,153.0914063,104.3170788,180.8416019,146.8780475
03/08/2019,194.38563,39.37866625,152.9296263,44.07433,2.17028875,8.2974975,155.0069638,108.8552963,186.4245874,145.7289987
04/08/2019,190.58812,35.72961,152.043375,40.76618,2.15499,8.38789,154.85851,111.277195,185.5333981,147.8480309
08/08/2019,194.38636,39.41432333,154.5392133,43.81359333,2.156696667,8.310616667,154.9720367,110.72562,185.6328156,146.5564132
09/08/2019,191.492785,37.49991125,150.2789563,41.61324875,2.13962125,8.305275,153.9928738,108.6657076,184.6381311,147.2616799
10/08/2019,197.1828644,42.65945778,156.4393133,47.32058,2.141742222,8.231904444,154.5234066,109.1187333,184.7616828,146.0065761
11/08/2019,190.53513,37.60489143,148.4045486,41.89342714,2.086572857,8.109157143,152.9302386,106.5111215,181.5479334,146.6219075
12/08/2019,189.5890067,36.74410667,147.0212567,41.40211667,2.1304,8.203506667,152.8449,105.61914,184.1009709,146.0812977
13/08/2019,190.3214529,37.18510714,148.8840629,41.78440714,2.150744286,8.15646,153.1363458,107.0996558,185.2860749,144.4073961
14/08/2019,194.336906,39.763202,153.460794,44.877904,2.067804,7.9966,154.573704,108.58289,180.4546019,145.69353
15/08/2019,190.62641,35.995585,150.9568975,41.2927375,2.1589975,8.2311025,154.630825,109.66416,185.7668447,145.2039787
19/08/2019,197.449692,41.58596,157.048214,47.484738,2.19804,8.269842,155.863732,109.563476,188.041165,144.0478123
20/08/2019,197.97261,42.45029667,158.4984167,47.26292333,2.208086667,8.347193333,155.5223133,111.2354934,188.6264078,144.7952803
21/08/2019,195.432206,39.967346,156.601848,45.134314,2.192976,8.38436,155.46486,111.467534,187.7461748,146.0507308
22/08/2019,186.012575,32.22286,144.882665,37.95788,2.154995,8.227615,153.789715,106.924785,185.5336893,145.3317038
26/08/2019,197.9314,43.73928,156.52765,48.62637,2.15741,8.18512,154.19212,107.90128,185.6743689,144.5549835
27/08/2019,191.386642,36.906374,149.582466,42.35043,2.136796,8.155992,154.480268,107.232036,184.4735534,145.0360554
28/08/2019,192.558502,37.27501,151.959164,42.86325,2.184448,8.210638,155.283492,109.095914,187.2493981,143.7360007
29/08/2019,190.5553186,35.80181714,149.7631686,41.22187429,2.166424286,8.254048571,154.7535015,108.5412943,186.199473,145.2255355
03/09/2019,195.96455,38.40604333,158.71041,44.84127333,2.199723333,8.37271,157.5585067,113.8691367,188.1392233,145.5652548
04/09/2019,194.515925,39.22114,154.9995175,44.46734,2.18217,8.3205125,155.294785,110.5321775,187.116699,145.5482197
05/09/2019,192.267602,37.103842,151.849628,42.448108,2.127208,8.243304,155.16376,109.40152,183.9150291,146.8592503
06/09/2019,194.479412,39.718444,153.500834,44.835166,2.13882,8.181668,154.760968,108.665668,184.5914563,145.3485525
07/09/2019,198.640975,42.73132,157.929165,47.710625,2.163055,8.23213,155.909655,110.21854,186.0032039,145.0355537
08/09/2019,194.6614557,40.28567429,154.6449329,45.11599714,2.151668571,8.262657143,154.3757814,109.5289358,185.3399168,146.034336
09/09/2019,187.84005,34.02939667,145.3900733,38.57346667,2.07355,8.036593333,153.8106533,106.8166066,180.7893204,146.0681048
12/09/2019,195.34859,40.308106,153.04269,45.360196,2.161056,8.038882,155.040484,107.682494,185.8867573,142.0984464
13/09/2019,192.1221467,38.44497333,150.0676983,43.1674825,2.141789167,8.212766667,153.6771734,106.9002158,184.7644175,145.7027277
14/09/2019,192.9799417,38.20059,151.5281067,43.47273333,2.116143333,8.155088333,154.7793517,108.0553734,183.2704854,145.9737743
15/09/2019,188.75158,34.55014125,147.43028,39.7855625,2.1268275,8.1950825,154.2014388,107.6447175,183.8928641,146.1131864
16/09/2019,187.3650267,34.32711,144.06118,39.29589,2.11952,8.211816667,153.0379167,104.76529,183.4671845,146.7178597
19/09/2019,194.270065,40.6736975,152.2730325,45.8333375,2.1856725,8.192285,153.5963675,106.439695,187.3207282,143.3958993
20/09/2019,190.6830044,37.20037778,149.2602867,41.82607667,2.15717,8.228871111,153.4826266,107.43421,185.6603883,145.2522318
21/09/2019,191.5877475,37.88317,150.3672863,42.6930725,2.1502375,8.18732875,153.7045775,107.6742138,185.2565534,144.9157296
22/09/2019,186.46769,32.75565286,143.6203671,37.96441714,2.100454286,8.096592857,153.7120371,105.65595,182.3565603,145.7710611
23/09/2019,185.319175,30.8291925,145.299285,35.943225,2.15437,8.2982325,154.4899825,109.35606,185.4972816,146.4690425
26/09/2019,190.931145,37.843665,150.5756075,42.7350425,2.1935925,8.298285,153.08748,107.840565,187.7820874,144.6877203
27/09/2019,190.683526,36.390522,150.42338,41.330894,2.108104,8.248876,154.293004,109.092486,182.8021748,147.8420728
28/09/2019,188.2699283,34.23452,146.9927983,39.08221667,2.170498333,8.285913333,154.0354083,107.9105816,186.4367961,145.5384813
29/09/2019,190.12527,36.564432,147.016156,41.391944,2.102124,8.100558,153.560838,105.624212,182.4538252,145.7566495
30/09/2019,183.66296,30.53672,139.08519,35.74481,2.0971,8.13134,153.12624,103.34038,182.161165,146.4830034
03/10/2019,191.12989,37.573765,149.252115,42.750305,2.158875,8.20966,153.556125,106.50181,185.7597087,144.8733488
04/10/2019,192.1200443,37.28661714,153.7347057,42.32513571,2.175325714,8.36226,154.8334272,111.40957,186.7180028,146.5102276
05/10/2019,188.7758688,35.43885,148.1060125,40.56395125,2.15416625,8.20141375,153.3370188,107.5420613,185.4854126,144.9580993
06/10/2019,189.0236867,36.22786,146.4480867,41.52421667,2.180296667,8.2181,152.7958267,104.92387,187.0075728,144.0380899
07/10/2019,185.9635067,31.86953667,146.44809,37.75946667,2.172953333,8.25991,154.09397,108.6886233,186.5798058,145.0210015
10/10/2019,188.5859567,35.21892667,147.2744733,40.73056667,2.1291,8.102353333,153.36703,106.5439066,184.0252427,144.5404282
11/10/2019,187.171476,34.155546,145.977376,39.096458,2.165532,8.191286,153.01593,106.880918,186.1474951,144.2840504
12/10/2019,186.104438,33.337798,145.331972,38.260074,2.131168,8.233644,152.76664,107.071898,184.1457087,146.5224879
13/10/2019,187.3333357,34.24971,146.5765171,39.68690286,2.167938571,8.218518571,153.0836257,106.8896142,186.2876837,144.6012543
14/10/2019,183.936795,31.534865,142.783325,36.93529,2.16783,8.287585,152.40193,105.848035,186.2813592,145.686059
17/10/2019,188.4485533,35.72960667,145.86804,40.59320333,2.165863333,8.178285,152.7189466,105.2748367,186.1667961,144.0656881
18/10/2019,186.610874,32.545958,147.47076,37.472528,2.139316,8.330024,154.064916,109.998232,184.6203495,147.6663103
19/10/2019,187.24921,34.53190333,146.7228967,39.19414,2.163173333,8.230266667,152.7173067,107.5287567,186.0100971,145.0010022
20/10/2019,187.120836,34.120608,146.56272,38.840048,2.154722,8.27565,153.000228,107.722672,185.5177864,146.0983094
21/10/2019,187.344612,33.508962,149.076034,37.979244,2.176792,8.37678,153.83565,111.09679,186.8034175,146.6696312
22/10/2019,183.9582429,30.21255714,144.3623514,35.22152857,2.135902857,8.323114286,153.7456858,109.1408228,184.4215257,147.7163815
23/10/2019,185.1930567,32.67564167,144.1868067,37.12352667,2.127196667,8.23799,152.517415,107.06328,183.914369,146.7756206
24/10/2019,181.69466,28.4908725,140.832685,33.5699025,2.1022575,8.2684925,153.2037875,107.2627825,182.4616019,148.4311635
28/10/2019,175.66606,29.52189,135.40472,32.93651,2.12419,8.24538,146.14417,102.46821,183.7392233,147.0326772
29/10/2019,185.952215,32.262365,145.6091863,37.52671125,2.14661625,8.16907375,153.68985,108.0824751,185.0456068,144.7935952
30/10/2019,187.3306683,32.670405,148.6475283,38.115585,2.120011667,8.196571667,154.6602633,110.5319433,183.4958253,146.4529761
31/10/2019,179.743426,26.473486,139.614006,31.78266,2.109896,8.147942,153.26994,107.831346,182.9065631,146.1504139
04/11/2019,186.4777825,32.493745,146.2473775,37.706045,2.15384,8.23272,153.9840375,108.5413325,185.4664078,145.4645962
05/11/2019,183.703014,32.10391,144.084738,36.440786,2.125678,8.219158,151.599104,107.643952,183.8259029,146.5478734
06/11/2019,183.281378,31.46714,144.624144,35.885228,2.13484,8.18461,151.814238,108.738916,184.3596117,145.5778175
07/11/2019,180.564015,28.06246625,142.1105375,32.81441,2.13825125,8.278115,152.5015488,109.2961275,184.5583252,146.8967305
08/11/2019,182.7017933,30.55896667,143.34603,35.64306111,2.12134,8.207498889,152.1428266,107.7029689,183.5732039,146.5646184
09/11/2019,180.39556,28.72915571,140.8560271,33.61678143,2.128064286,8.187927143,151.6664043,107.2392457,183.9649099,145.9426774
10/11/2019,176.57489,25.08701667,137.2675367,30.17908,2.129256667,8.262656667,151.4878733,107.0884567,184.034369,147.0703024
11/11/2019,173.9009075,21.6368675,135.4253425,26.7170325,2.063805,8.15131,152.26404,108.70831,180.2216505,148.3821702
14/11/2019,181.089585,28.93204,138.882035,34.27961,2.01513,7.84613,152.157545,104.602425,177.3862136,145.7430389
15/11/2019,179.9656843,25.84815857,141.5029471,30.86952857,2.146251429,8.267955714,154.1175257,110.6334185,185.0243551,146.3668088
16/11/2019,178.3513257,25.70402571,138.1261771,30.79539571,2.148152857,8.283127143,152.6473,107.3307814,185.1351179,146.5179235
17/11/2019,178.877778,26.022018,139.394952,31.459098,2.162258,8.20534,152.85576,107.935854,185.9567767,144.6521553
18/11/2019,175.3186267,22.759,135.5205433,28.36792667,2.127846667,8.22124,152.5596267,107.1526166,183.952233,146.4801964
21/11/2019,176.428645,23.449615,137.424575,28.434065,2.172835,8.26285,152.97903,108.99051,186.5729126,145.0722563
22/11/2019,175.2266113,21.6955075,137.3340288,26.75518875,2.1624125,8.3225,153.5311038,110.5788401,185.9657767,146.4801306
23/11/2019,178.6369267,24.774255,138.4070117,30.433455,2.179018333,8.279178333,153.8626717,107.9735567,186.9331068,145.0471354
24/11/2019,174.609614,21.620774,133.801816,26.672772,2.069662,8.017056,152.98884,107.129044,180.562835,145.9361698
25/11/2019,178.0509983,24.09116333,138.007555,29.47191667,2.163255,8.283495,153.959835,108.5356383,186.0148544,145.8307432
26/11/2019,180.07157,25.80781375,138.8474363,31.4484125,2.16226375,8.2232025,154.2637563,107.3990238,185.9571117,144.9316727
27/11/2019,176.630335,23.4285175,135.04994,27.8464625,2.1464525,8.2128475,153.2018175,107.2034775,185.036068,145.4900947
28/11/2019,178.4889725,24.06499375,139.20518,29.3574475,2.125665,8.21174375,154.4239788,109.8477325,183.8251456,146.4310019
29/11/2019,178.4227275,24.815315,139.3185375,29.47191625,2.146895,8.2626075,153.6074125,109.8466213,185.0618447,146.2529844
30/11/2019,178.710535,24.42387833,141.2630483,29.43121833,2.122288333,8.302601667,154.2866567,111.83183,183.6284466,148.028998
01/12/2019,179.214618,26.231264,139.757688,30.506716,2.12,8.254922,152.983354,109.250972,183.4951456,147.3797143
02/12/2019,177.3826233,25.098465,136.7758233,30.27065667,2.066581667,8.02933,152.2841583,106.5051666,180.3833981,146.2795265
03/12/2019,177.8115217,24.90250167,137.9692833,30.37749333,2.116203333,8.17138,152.90902,107.59179,183.2739806,146.2299004
04/12/2019,177.4753738,25.14189625,137.9825263,29.59783375,2.13822375,8.31670875,152.3334776,108.3846926,184.5567233,147.5070811
05/12/2019,173.9681367,21.03425333,135.5401733,26.15995333,2.096283333,8.304923333,152.9338834,109.38022,182.1135922,149.2974619
09/12/2019,179.5246525,27.9437125,140.83268,32.722835,2.12019,8.262855,151.58094,108.109845,183.5062136,147.4967383
10/12/2019,178.103996,25.625118,138.038176,30.995114,2.10389,8.145704,152.478878,107.043062,182.556699,146.3948001
11/12/2019,177.48921,25.419792,137.227884,30.42735,2.041374,8.233096,152.069418,106.800534,178.9149903,150.7972653
12/12/2019,179.4201325,26.4263775,140.575045,30.204515,2.10644,8.3149675,152.993755,110.37053,182.7052427,148.9741156
16/12/2019,180.773952,29.049224,140.02151,34.029304,2.125394,8.255276,151.724728,105.992206,183.8093592,147.1333849
17/12/2019,178.4278771,26.44853143,137.7501357,31.66753714,2.0982,8.093117143,151.9793457,106.0825986,182.2252427,145.820554
18/12/2019,178.993198,26.050282,137.449304,31.758242,2.11277,8.134674,152.942916,105.691062,183.0739806,145.8056746
19/12/2019,177.7231933,25.77992333,137.5325333,29.84330333,2.133536667,8.299623333,151.94327,107.68923,184.2836893,147.4555903
23/12/2019,177.4051933,24.81809667,137.3146533,29.83312667,2.134633333,8.233603333,152.5870966,107.4815266,184.3475728,146.3614005
24/12/2019,175.3583725,21.7320675,136.6016225,26.8391325,2.1011975,8.2192775,153.626305,109.76249,182.3998544,147.6955302
25/12/2019,175.710225,23.22732,134.596505,28.2127575,2.1263725,8.234195,152.482905,106.3837475,183.8663592,146.753829
26/12/2019,171.9051167,19.44494667,132.0579667,24.64387667,2.117836667,8.268676667,152.46017,107.41409,183.3691262,147.6994783
30/12/2019,179.2257975,25.9724525,136.684065,30.28083,2.083445,8.0798125,153.253345,106.403235,181.3657282,146.2979513
31/12/2019,174.87579,22.460506,132.342582,26.85592,2.063092,8.128314,152.415284,105.486662,180.1801165,148.0446427
01/01/2020,177.340816,24.245188,137.156042,29.08425,2.129022,8.308862,153.095628,108.071792,184.020699,147.8125508
02/01/2020,172.047425,19.42908,131.182505,24.587915,2.11945,8.2507325,152.618345,106.59459,183.4631068,147.3389401
07/01/2020,176.4702929,23.71923857,135.7000143,28.52346286,2.147007143,8.263721429,152.7510543,107.1765514,185.0683773,146.2653531
08/01/2020,172.069214,19.614476,132.679425,24.551281,2.14425,8.286094,152.454738,108.128144,184.907767,146.7448059
09/01/2020,170.0482,18.3961,128.77402,24.0232,2.14268,8.25323,151.6521,104.75082,184.8163107,146.2995007
13/01/2020,174.097292,21.209344,133.674622,25.744812,2.127632,8.274474,152.887948,107.92981,183.9397282,147.3330964
14/01/2020,174.14087,21.910695,132.99624,26.80098,2.147275,8.28052,152.230175,106.19526,185.0839806,146.5173773
15/01/2020,173.441294,19.991946,133.656954,25.787548,2.151754,8.31593,153.449348,107.869406,185.3448932,146.8675768
16/01/2020,169.03828,16.3796925,129.5895975,21.8482925,2.14922,8.2284025,152.6585875,107.741305,185.1972816,145.6080815
20/01/2020,178.60159,25.946445,138.35205,30.235045,2.14539,8.2867,152.655145,108.117005,184.9741748,146.701665
21/01/2020,176.1827975,23.6890925,133.8250775,27.9533,2.10732,8.252105,152.493705,105.8717775,182.7565049,147.9304789
22/01/2020,176.30036,22.12282714,137.6483414,27.62079286,2.140731429,8.313387143,154.1775329,110.0275485,184.7028017,147.338041
23/01/2020,172.598024,20.3912,132.588734,25.628816,2.10893,8.24503,152.206824,106.959918,182.8502913,147.7419057
